customer_id,email,name,total_orders,total_spent,avg_order_value,days_since_last_order,orders_last_90d,refund_count,loyalty_tier,marketing_opt_in,discount_usage_rate,product_categories,first_order_date,country
CUST-300000,isabella_smith@fastmail.com,Isabella Smith,40,5398.4,134.96,304,0,2,bronze,false,0.52,3,1729424331,US
CUST-300001,jacklewis74@yahoo.com,Jack Lewis,2,101.16,50.58,161,0,1,bronze,false,0.46,1,1770205131,UK
CUST-300002,lily.white48@icloud.com,Lily White,33,1417.35,42.95,41,3,7,gold,true,1,6,1754221131,DE
CUST-300003,emilyanderson31@outlook.com,Emily Anderson,20,1080.4,54.02,52,10,2,gold,true,0.81,3,1756381131,US
CUST-300004,samuel.smith@icloud.com,Samuel Smith,58,21012.82,362.29,14,28,3,platinum,true,0.17,8,1692617931,US
CUST-300005,christian_lopez95@aol.com,Christian Lopez,83,16454.75,198.25,17,11,2,gold,true,0.39,5,1723462731,DE
CUST-300006,liam_smith64@outlook.com,Liam Smith,3,160.83,53.61,348,0,1,bronze,false,0.58,1,1758109131,DE
CUST-300007,sofia_hernandez67@fastmail.com,Sofia Hernandez,137,25654.62,187.26,30,13,2,platinum,true,0.11,8,1673782731,DE
CUST-300008,laylawright@protonmail.com,Layla Wright,64,4641.92,72.53,0,10,0,platinum,true,0.39,5,1744285131,US
CUST-300009,ella.walker92@aol.com,Ella Walker,22,1474.22,67.01,35,10,0,gold,true,0.15,2,1734521931,UK
CUST-300010,lily.walker@yahoo.com,Lily Walker,72,3288.96,45.68,22,14,10,gold,true,0.89,6,1742038731,DE
CUST-300011,lily.torres@aol.com,Lily Torres,1,35.84,35.84,107,0,1,bronze,true,0.33,1,1745667531,UK
CUST-300012,ryan.scott@outlook.com,Ryan Scott,34,4153.1,122.15,365,0,6,bronze,false,0.32,1,1705491531,CA
CUST-300013,nathan.young@gmail.com,Nathan Young,1,48.85,48.85,60,1,0,bronze,true,0.5,1,1747913931,UK
CUST-300014,charlotte_moore@protonmail.com,Charlotte Moore,28,4131.12,147.54,287,0,1,bronze,false,0.26,4,1727609931,DE
CUST-300015,oliviawhite@icloud.com,Olivia White,21,2950.92,140.52,33,9,0,platinum,true,0.22,5,1750505931,US
CUST-300016,caleb_johnson@protonmail.com,Caleb Johnson,69,25811.52,374.08,16,10,3,platinum,true,0.15,5,1732534731,CA
CUST-300017,jamesmartin@aol.com,James Martin,42,6853.98,163.19,22,10,1,platinum,true,0.21,5,1744717131,DE
CUST-300018,ella_davis88@outlook.com,Ella Davis,166,49114.04,360.63,5,5,1,platinum,true,0.02,7,1722080331,UK
CUST-300019,lucas.torres@icloud.com,Lucas Torres,68,9213.32,135.49,34,12,2,platinum,true,0.13,2,1755344331,CA
CUST-300020,sofia.wright@icloud.com,Sofia Wright,47,2587.35,55.05,2,4,2,silver,true,0.9,4,1745581131,CA
CUST-300021,lily.perez@yahoo.com,Lily Perez,3,209.43,69.81,334,1,1,bronze,false,0.74,1,1770205131,UK
CUST-300022,henrymiller77@hotmail.com,Henry Miller,105,17438.4,166.08,5,11,3,platinum,true,0.01,7,1740137931,US
CUST-300023,sophia.smith39@hotmail.com,Sophia Smith,2,47.86,23.93,275,0,1,bronze,true,0.33,1,1768131531,US
CUST-300024,aiden_jackson82@aol.com,Aiden Jackson,32,5907.52,184.61,8,5,1,platinum,true,0.16,2,1750073931,AU
CUST-300025,nathanbrown@hotmail.com,Nathan Brown,3,126.69,42.23,141,0,0,bronze,true,0.38,1,1745926731,UK
CUST-300026,gracewhite@icloud.com,Grace White,3,127.98,42.66,243,0,0,bronze,true,0.7,1,1749296331,DE
CUST-300027,emma_clark@gmail.com,Emma Clark,162,30467.9,337.56,25,7,3,platinum,true,0.09,4,1740397131,US
CUST-300028,benjamin_walker54@fastmail.com,Benjamin Walker,82,40495.7,493.85,17,20,1,platinum,true,0.14,7,1684928331,US
CUST-300029,henry_young36@yahoo.com,Henry Young,156,23846.16,152.86,11,6,1,platinum,true,0.06,7,1688729931,US
CUST-300030,sofia.smith@hotmail.com,Sofia Smith,31,361.77,11.67,49,7,3,gold,true,0.75,6,1725536331,AU
CUST-300031,william_garcia62@aol.com,William Garcia,1,77.5,77.5,167,1,1,bronze,false,0.34,1,1745753931,AU
CUST-300032,lucassanchez@hotmail.com,Lucas Sanchez,25,1108,44.32,258,0,1,bronze,false,0.38,4,1715427531,DE
CUST-300033,abigail_moore@hotmail.com,Abigail Moore,171,39881.22,334.62,20,20,2,platinum,true,0.16,7,1730461131,DE
CUST-300034,elijahthompson@yahoo.com,Elijah Thompson,65,3448.25,53.05,45,3,9,silver,true,0.94,4,1759145931,DE
CUST-300035,dylan_miller@aol.com,Dylan Miller,82,12905.98,157.39,26,3,0,platinum,true,0.21,5,1746531531,US
CUST-300036,christian.allen@outlook.com,Christian Allen,30,3987.9,132.93,18,4,0,platinum,true,0.31,2,1716464331,DE
CUST-300037,scarlettharris@outlook.com,Scarlett Harris,37,1792.65,48.45,42,3,9,silver,true,0.71,6,1751197131,CA
CUST-300038,ryan_thomas10@fastmail.com,Ryan Thomas,78,4356.3,55.85,40,11,6,gold,true,0.92,2,1755949131,US
CUST-300039,matthew_torres4@hotmail.com,Matthew Torres,46,8701.82,189.17,19,3,1,gold,true,0.3,2,1759491531,US
CUST-300040,evelyn.wilson@fastmail.com,Evelyn Wilson,129,31032.19,439.89,9,6,0,platinum,true,0.13,7,1715600331,DE
CUST-300041,aria.lopez@protonmail.com,Aria Lopez,147,49633.95,437.14,23,26,1,platinum,true,0.12,4,1741693131,US
CUST-300042,amelia.torres19@protonmail.com,Amelia Torres,163,46914.66,287.82,24,5,2,platinum,true,0.04,6,1704281931,CA
CUST-300043,ella.clark@yahoo.com,Ella Clark,35,1853.25,52.95,47,4,5,silver,true,0.77,4,1735040331,CA
CUST-300044,samuel_thompson11@yahoo.com,Samuel Thompson,37,3146.48,85.04,12,4,1,platinum,true,0.14,4,1714045131,US
CUST-300045,ella_anderson35@fastmail.com,Ella Anderson,32,1012.8,31.65,133,0,4,silver,false,0.2,4,1700653131,AU
CUST-300046,victoriasmith20@fastmail.com,Victoria Smith,3,101.46,33.82,234,1,1,bronze,false,0.44,1,1744889931,UK
CUST-300047,scarlett.rodriguez21@yahoo.com,Scarlett Rodriguez,95,12893.4,135.72,21,5,1,gold,true,0.33,4,1750851531,US
CUST-300048,abigail_torres@gmail.com,Abigail Torres,118,34583.44,293.08,3,28,2,platinum,true,0.01,5,1716118731,CA
CUST-300049,leorobinson@outlook.com,Leo Robinson,120,37416,311.8,22,8,0,platinum,true,0.12,7,1735040331,US
CUST-300050,sophia.lopez@aol.com,Sophia Lopez,16,913.6,57.1,4,13,10,gold,true,0.88,5,1749641931,CA
CUST-300051,jackson_anderson11@fastmail.com,Jackson Anderson,24,2455.44,102.31,348,0,5,bronze,false,0.48,3,1732361931,DE
CUST-300052,charlotteflores86@aol.com,Charlotte Flores,35,937.65,26.79,42,11,9,gold,true,0.9,5,1749555531,AU
CUST-300053,abigail.scott@protonmail.com,Abigail Scott,84,11345.04,135.06,10,3,0,gold,true,0.24,3,1738323531,UK
CUST-300054,ariamartin83@icloud.com,Aria Martin,71,1104.05,15.55,5,12,2,gold,true,0.72,6,1752925131,UK
CUST-300055,matthewthompson9@icloud.com,Matthew Thompson,82,10853.52,132.36,10,7,0,platinum,true,0.28,3,1743161931,UK
CUST-300056,nathan.clark@hotmail.com,Nathan Clark,2,43.98,21.99,338,1,0,bronze,true,0.8,1,1763206731,UK
CUST-300057,charlotte_allen16@icloud.com,Charlotte Allen,134,34554.74,496.8,26,20,3,platinum,true,0.03,6,1708342731,US
CUST-300058,victoriagarcia61@outlook.com,Victoria Garcia,27,1150.74,42.62,31,6,6,silver,true,0.65,6,1754048331,UK
CUST-300059,christian_nguyen@protonmail.com,Christian Nguyen,159,38745.12,243.68,18,26,3,platinum,true,0.15,7,1692963531,DE
CUST-300060,leo.thompson97@hotmail.com,Leo Thompson,97,14934.12,153.96,29,12,3,platinum,true,0.01,4,1684064331,DE
CUST-300061,matthewtaylor44@hotmail.com,Matthew Taylor,89,16706.19,187.71,23,6,0,platinum,true,0.39,4,1723289931,DE
CUST-300062,sebastian.young51@aol.com,Sebastian Young,68,8987.56,132.17,26,3,2,gold,true,0.25,3,1720697931,UK
CUST-300063,scarlettflores@gmail.com,Scarlett Flores,2,74.92,37.46,325,1,1,bronze,true,0.69,1,1767872331,AU
CUST-300064,emily.taylor@hotmail.com,Emily Taylor,30,2652.3,88.41,123,0,6,bronze,false,0.33,2,1719661131,CA
CUST-300065,jackson.hill61@fastmail.com,Jackson Hill,39,3325.53,85.27,20,9,0,platinum,true,0.15,4,1754912331,UK
CUST-300066,samuel.torres@protonmail.com,Samuel Torres,45,2275.65,50.57,52,12,7,silver,true,0.81,4,1763638731,CA
CUST-300067,scarlettlee88@fastmail.com,Scarlett Lee,69,1133.67,16.43,41,6,4,gold,true,0.77,3,1759145931,CA
CUST-300068,lily.smith@protonmail.com,Lily Smith,48,1416.96,29.52,60,5,2,gold,true,0.96,3,1752579531,US
CUST-300069,charlotte.moore56@hotmail.com,Charlotte Moore,70,2732.1,39.03,20,6,10,gold,true,0.99,3,1763379531,UK
CUST-300070,christian.torres@hotmail.com,Christian Torres,25,2702.25,108.09,31,3,1,platinum,true,0.22,3,1721907531,CA
CUST-300071,daniel_ramirez83@yahoo.com,Daniel Ramirez,38,1453.88,38.26,213,0,5,bronze,false,0.4,1,1726659531,US
CUST-300072,liam_rodriguez11@gmail.com,Liam Rodriguez,1,61.29,61.29,33,1,1,bronze,false,0.56,1,1746013131,UK
CUST-300073,samuel_robinson7@icloud.com,Samuel Robinson,81,4487.4,55.4,4,3,2,gold,true,0.37,4,1716723531,US
CUST-300074,abigail_thompson@fastmail.com,Abigail Thompson,82,16046.58,195.69,45,12,1,platinum,true,0.38,3,1720784331,DE
CUST-300075,jack_robinson83@outlook.com,Jack Robinson,23,2889.03,125.61,34,8,0,gold,true,0.21,2,1733830731,CA
CUST-300076,evelyn.taylor49@gmail.com,Evelyn Taylor,1,59.81,59.81,199,1,0,bronze,true,0.79,1,1769773131,CA
CUST-300077,leomartin6@outlook.com,Leo Martin,6,593.76,98.96,220,0,4,silver,false,0.3,4,1726400331,UK
CUST-300078,emily.hill84@gmail.com,Emily Hill,16,1983.52,123.97,181,0,4,silver,false,0.46,2,1739792331,AU
CUST-300079,emmathomas@gmail.com,Emma Thomas,1,48.45,48.45,242,0,0,bronze,false,0.35,1,1753270731,US
CUST-300080,ameliatorres7@fastmail.com,Amelia Torres,37,5093.79,137.67,13,10,0,gold,true,0.32,2,1737718731,UK
CUST-300081,victoria.scott@hotmail.com,Victoria Scott,31,787.09,25.39,14,11,8,silver,true,0.97,5,1740483531,UK
CUST-300082,isabellataylor@aol.com,Isabella Taylor,115,35019.8,304.52,8,27,0,platinum,true,0.08,6,1695469131,UK
CUST-300083,jamesharris@protonmail.com,James Harris,36,3952.44,109.79,335,0,4,silver,false,0.4,1,1737459531,UK
CUST-300084,emilylee28@protonmail.com,Emily Lee,29,3663.28,126.32,297,0,3,bronze,false,0.48,2,1701603531,DE
CUST-300085,oliviahill@aol.com,Olivia Hill,88,37102.56,421.62,24,13,2,platinum,true,0.14,5,1681645131,US
CUST-300086,alexander_smith@fastmail.com,Alexander Smith,41,651.49,15.89,45,15,3,silver,true,0.97,6,1727782731,UK
CUST-300087,oliviarobinson@aol.com,Olivia Robinson,15,260.55,17.37,8,10,6,silver,true,0.67,2,1742470731,UK
CUST-300088,owen.clark84@outlook.com,Owen Clark,23,4466.37,194.19,7,12,2,platinum,true,0.15,5,1742125131,UK
CUST-300089,jacksonanderson70@aol.com,Jackson Anderson,65,2847,43.8,40,9,5,silver,true,0.81,2,1766835531,AU
CUST-300090,sebastian_robinson@icloud.com,Sebastian Robinson,65,12097.15,186.11,4,26,2,platinum,true,0.16,6,1713094731,DE
CUST-300091,daniel.jones89@protonmail.com,Daniel Jones,2,74.8,37.4,336,1,0,bronze,false,0.66,1,1750073931,UK
CUST-300092,christian.allen10@outlook.com,Christian Allen,52,4936.88,94.94,36,7,1,platinum,true,0.18,2,1717241931,AU
CUST-300093,samuelmartinez@gmail.com,Samuel Martinez,1,66.92,66.92,191,0,0,bronze,false,0.64,1,1771933131,CA
CUST-300094,ethanflores@yahoo.com,Ethan Flores,63,2655.45,42.15,0,14,5,silver,true,0.96,5,1760787531,US
CUST-300095,layla_moore@aol.com,Layla Moore,61,5957.26,97.66,38,11,1,gold,true,0.32,4,1756208331,CA
CUST-300096,jackson.smith@outlook.com,Jackson Smith,36,1947.6,54.1,59,3,5,gold,true,0.82,3,1728819531,CA
CUST-300097,leotaylor@gmail.com,Leo Taylor,3,180.96,60.32,209,0,1,bronze,false,0.72,1,1769081931,AU
CUST-300098,elizabeth_clark@yahoo.com,Elizabeth Clark,84,40206.6,478.65,7,22,2,platinum,true,0.04,7,1720870731,DE
CUST-300099,jack_flores@hotmail.com,Jack Flores,1,77.89,77.89,131,0,0,bronze,false,0.31,1,1771155531,US
CUST-300100,evelyn.brown@yahoo.com,Evelyn Brown,27,480.87,17.81,9,9,5,silver,true,0.8,5,1732102731,US
CUST-300101,evelynharris33@protonmail.com,Evelyn Harris,46,1454.52,31.62,43,9,6,gold,true,0.93,4,1761824331,AU
CUST-300102,christian.lewis@protonmail.com,Christian Lewis,34,3189.88,93.82,311,0,6,bronze,false,0.26,1,1749987531,DE
CUST-300103,matthew_martin@fastmail.com,Matthew Martin,5,250.35,50.07,284,0,3,bronze,false,0.25,2,1720611531,AU
CUST-300104,ethangonzalez@protonmail.com,Ethan Gonzalez,1,29.56,29.56,217,0,1,bronze,false,0.57,1,1760960331,CA
CUST-300105,rileysanchez@aol.com,Riley Sanchez,38,5441.22,143.19,213,0,6,bronze,false,0.53,1,1713613131,DE
CUST-300106,christian.gonzalez91@outlook.com,Christian Gonzalez,34,1230.8,36.2,294,0,1,silver,false,0.38,2,1728560331,CA
CUST-300107,ariataylor31@protonmail.com,Aria Taylor,57,7552.5,132.5,44,9,0,platinum,true,0.22,3,1734781131,AU
CUST-300108,amelia_sanchez99@aol.com,Amelia Sanchez,10,423.2,42.32,175,0,6,bronze,false,0.51,2,1751629131,DE
CUST-300109,evelyn_wright@icloud.com,Evelyn Wright,45,5721.75,127.15,1,6,1,gold,true,0.3,3,1748086731,UK
CUST-300110,scarlett.ramirez91@gmail.com,Scarlett Ramirez,85,37722.15,443.79,13,22,3,platinum,true,0.09,5,1712489931,AU
CUST-300111,isaac.thompson@outlook.com,Isaac Thompson,38,1781.82,46.89,349,0,4,silver,false,0.6,1,1758281931,UK
CUST-300112,christian_hernandez@fastmail.com,Christian Hernandez,55,2597.1,47.22,55,10,8,gold,true,0.65,6,1745840331,US
CUST-300113,amelia.sanchez88@yahoo.com,Amelia Sanchez,54,9819.36,181.84,25,12,0,platinum,true,0.21,3,1723376331,AU
CUST-300114,jackson_hill@gmail.com,Jackson Hill,49,7425.95,151.55,31,10,1,gold,true,0.37,4,1747395531,US
CUST-300115,lucasmartin99@protonmail.com,Lucas Martin,2,76.08,38.04,112,1,1,bronze,true,0.39,1,1745062731,AU
CUST-300116,aiden_harris@outlook.com,Aiden Harris,73,13398.42,183.54,26,12,0,gold,true,0.31,5,1754653131,US
CUST-300117,isabella_miller@hotmail.com,Isabella Miller,15,1780.8,118.72,360,0,2,silver,false,0.21,1,1725017931,UK
CUST-300118,daniel.perez43@icloud.com,Daniel Perez,23,1417.26,61.62,303,0,6,bronze,false,0.38,2,1713181131,AU
CUST-300119,james_walker30@hotmail.com,James Walker,37,6843.52,184.96,38,3,0,platinum,true,0.36,2,1735990731,UK
CUST-300120,leo_lopez76@yahoo.com,Leo Lopez,36,4029.12,111.92,326,0,4,bronze,false,0.48,4,1752925131,CA
CUST-300121,benjamin.moore@aol.com,Benjamin Moore,38,2033.38,53.51,53,12,2,silver,true,0.82,3,1754825931,AU
CUST-300122,charlotte_anderson40@protonmail.com,Charlotte Anderson,2,119.34,59.67,143,0,1,bronze,true,0.72,1,1754393931,DE
CUST-300123,daniel.lee15@hotmail.com,Daniel Lee,24,703.44,29.31,51,6,4,silver,true,0.75,5,1728041931,CA
CUST-300124,averyramirez60@aol.com,Avery Ramirez,31,1734.76,55.96,351,0,3,bronze,false,0.44,3,1715859531,AU
CUST-300125,grace_thompson@protonmail.com,Grace Thompson,97,23173.3,238.9,12,8,2,platinum,true,0.19,7,1715168331,CA
CUST-300126,lily.smith@gmail.com,Lily Smith,3,144.99,48.33,349,1,1,bronze,false,0.79,1,1750333131,UK
CUST-300127,william.thompson87@outlook.com,William Thompson,56,7246.4,129.4,20,11,2,platinum,true,0.29,5,1717241931,AU
CUST-300128,victoria_gonzalez@icloud.com,Victoria Gonzalez,3,97.11,32.37,328,1,0,bronze,true,0.7,1,1757417931,US
CUST-300129,ethan_flores20@protonmail.com,Ethan Flores,36,1617.84,44.94,299,0,6,bronze,false,0.29,1,1734262731,UK
CUST-300130,dylanwilson@icloud.com,Dylan Wilson,90,7524.9,83.61,36,7,1,gold,true,0.19,2,1712749131,AU
CUST-300131,elijah_davis@gmail.com,Elijah Davis,18,1532.34,85.13,257,0,3,silver,false,0.58,2,1746185931,UK
CUST-300132,sebastian.wilson70@icloud.com,Sebastian Wilson,156,36094.49,359.05,18,14,0,platinum,true,0.16,7,1729424331,CA
CUST-300133,elizabethmoore88@protonmail.com,Elizabeth Moore,10,655.2,65.52,295,0,5,bronze,false,0.58,2,1742989131,AU
CUST-300134,samuel_hernandez47@yahoo.com,Samuel Hernandez,2,108.54,54.27,224,1,1,bronze,false,0.39,1,1770637131,AU
CUST-300135,layla.allen14@gmail.com,Layla Allen,68,31135.84,457.88,3,30,0,platinum,true,0.15,8,1737286731,CA
CUST-300136,evelynanderson64@hotmail.com,Evelyn Anderson,49,1599.36,32.64,60,6,9,gold,true,0.87,2,1751024331,AU
CUST-300137,noah_hill@icloud.com,Noah Hill,28,1775.76,63.42,240,0,1,silver,false,0.43,2,1739187531,DE
CUST-300138,samuel_clark@gmail.com,Samuel Clark,37,5415.32,146.36,240,0,5,bronze,false,0.45,4,1757072331,UK
CUST-300139,ethanrobinson39@gmail.com,Ethan Robinson,173,36880.04,338.71,11,27,0,platinum,true,0.12,7,1733398731,DE
CUST-300140,riley.flores45@fastmail.com,Riley Flores,37,3506.86,94.78,182,0,3,bronze,false,0.5,1,1741779531,UK
CUST-300141,avery_perez39@gmail.com,Avery Perez,177,43211.01,244.13,17,13,0,platinum,true,0.07,4,1726659531,AU
CUST-300142,james.lee@outlook.com,James Lee,69,2746.2,39.8,2,4,9,silver,true,0.93,4,1751629131,UK
CUST-300143,jackmoore@hotmail.com,Jack Moore,70,3661,52.3,45,6,2,gold,true,0.15,3,1754048331,DE
CUST-300144,calebflores@fastmail.com,Caleb Flores,31,4344.65,140.15,360,0,4,bronze,false,0.37,2,1740224331,AU
CUST-300145,victoriajohnson@icloud.com,Victoria Johnson,13,915.85,70.45,318,0,4,silver,false,0.4,1,1723117131,CA
CUST-300146,scarlettscott52@aol.com,Scarlett Scott,33,5142.06,155.82,18,7,0,platinum,true,0.2,4,1756467531,US
CUST-300147,emma.young93@outlook.com,Emma Young,46,7708.22,167.57,35,12,2,gold,true,0.15,3,1728473931,US
CUST-300148,owen_martinez@icloud.com,Owen Martinez,7,390.81,55.83,255,0,4,silver,false,0.42,1,1733917131,US
CUST-300149,samueljones45@outlook.com,Samuel Jones,1,48.08,48.08,346,0,0,bronze,false,0.38,1,1769254731,US
CUST-300150,emma_jones12@gmail.com,Emma Jones,11,537.13,48.83,286,0,5,silver,false,0.49,4,1718278731,UK
CUST-300151,riley.clark@gmail.com,Riley Clark,26,2856.36,109.86,338,0,1,silver,false,0.47,3,1747568331,UK
CUST-300152,aidenwalker77@fastmail.com,Aiden Walker,37,6461.31,174.63,32,11,0,platinum,true,0.39,3,1739965131,AU
CUST-300153,victoria.miller@icloud.com,Victoria Miller,15,1807.95,120.53,154,0,1,silver,false,0.21,3,1733917131,UK
CUST-300154,charlotte_garcia@protonmail.com,Charlotte Garcia,199,48966.76,267.79,6,20,1,platinum,true,0.17,4,1742297931,UK
CUST-300155,jacksonperez3@yahoo.com,Jackson Perez,142,20352.86,143.33,12,17,0,platinum,true,0.19,4,1739014731,UK
CUST-300156,ella_walker@outlook.com,Ella Walker,57,2603.76,45.68,18,5,9,gold,true,0.93,6,1728819531,AU
CUST-300157,matthewjohnson@yahoo.com,Matthew Johnson,19,1334.37,70.23,315,0,4,bronze,false,0.36,3,1703763531,DE
CUST-300158,danielclark@outlook.com,Daniel Clark,2,109.72,54.86,312,0,1,bronze,false,0.39,1,1755862731,UK
CUST-300159,isabella_jones93@protonmail.com,Isabella Jones,3,138.33,46.11,102,1,1,bronze,true,0.6,1,1771328331,US
CUST-300160,jamesgonzalez@icloud.com,James Gonzalez,18,708.66,39.37,355,0,3,silver,false,0.29,4,1724326731,UK
CUST-300161,leo_allen@hotmail.com,Leo Allen,61,1099.83,18.03,53,13,10,silver,true,0.83,5,1752925131,DE
CUST-300162,ethan_moore@fastmail.com,Ethan Moore,16,561.28,35.08,285,0,2,bronze,false,0.26,3,1740224331,DE
CUST-300163,averythompson@hotmail.com,Avery Thompson,104,42785.6,411.4,27,30,3,platinum,true,0.08,4,1688038731,US
CUST-300164,victoria.white11@yahoo.com,Victoria White,12,249.36,20.78,336,0,4,silver,false,0.41,3,1745667531,UK
CUST-300165,oliviawhite27@outlook.com,Olivia White,128,47476.48,370.91,25,17,0,platinum,true,0.17,8,1693913931,CA
CUST-300166,sophia.gonzalez66@aol.com,Sophia Gonzalez,11,1551,141,219,0,3,silver,false,0.21,4,1718365131,CA
CUST-300167,olivia_anderson@hotmail.com,Olivia Anderson,139,41774.55,426.72,2,7,1,platinum,true,0.13,4,1740656331,CA
CUST-300168,isaacgonzalez@aol.com,Isaac Gonzalez,35,1981.35,56.61,270,0,1,silver,false,0.34,2,1709206731,CA
CUST-300169,abigail.jackson@outlook.com,Abigail Jackson,31,4185.62,135.02,320,0,3,bronze,false,0.5,2,1718365131,DE
CUST-300170,ellalee@icloud.com,Ella Lee,24,1739.52,72.48,2,10,2,platinum,true,0.15,4,1739619531,CA
CUST-300171,alexandersmith@protonmail.com,Alexander Smith,6,126.6,21.1,227,0,1,silver,false,0.39,3,1739878731,UK
CUST-300172,lucas_miller47@hotmail.com,Lucas Miller,3,150.24,50.08,280,1,0,bronze,false,0.6,1,1760787531,AU
CUST-300173,jack.thompson98@hotmail.com,Jack Thompson,27,1397.52,51.76,44,8,3,silver,true,0.63,3,1730029131,DE
CUST-300174,isaac.brown34@outlook.com,Isaac Brown,3,146.7,48.9,253,1,0,bronze,true,0.56,1,1761219531,AU
CUST-300175,emma_torres@yahoo.com,Emma Torres,50,2410,48.2,36,3,1,gold,true,0.35,5,1746531531,DE
CUST-300176,isaacwhite@protonmail.com,Isaac White,172,39393.16,229.03,29,22,2,platinum,true,0.19,6,1685273931,CA
CUST-300177,avery.miller@yahoo.com,Avery Miller,21,2590.14,123.34,212,0,2,silver,false,0.58,3,1712835531,CA
CUST-300178,olivia_young82@hotmail.com,Olivia Young,43,742.18,17.26,23,7,6,gold,true,0.88,5,1749728331,UK
CUST-300179,daniel_williams@fastmail.com,Daniel Williams,1,57.76,57.76,149,0,1,bronze,false,0.59,1,1769600331,CA
CUST-300180,grace_thompson@gmail.com,Grace Thompson,2,42.6,21.3,274,0,1,bronze,true,0.65,1,1756899531,CA
CUST-300181,evelyn.torres38@icloud.com,Evelyn Torres,12,1038.48,86.54,306,0,1,bronze,false,0.29,2,1738323531,AU
CUST-300182,ethan_harris@aol.com,Ethan Harris,56,17269.84,308.39,14,7,3,platinum,true,0,8,1719920331,US
CUST-300183,ameliaclark@yahoo.com,Amelia Clark,11,891.44,81.04,277,0,4,bronze,false,0.29,2,1714390731,CA
CUST-300184,amelia.jackson@outlook.com,Amelia Jackson,37,4276.46,115.58,240,0,6,bronze,false,0.4,3,1713008331,DE
CUST-300185,noahhill10@yahoo.com,Noah Hill,33,3672.57,111.29,363,0,6,silver,false,0.34,3,1744803531,US
CUST-300186,sofia_williams80@gmail.com,Sofia Williams,26,3714.1,142.85,132,0,6,bronze,false,0.43,3,1703936331,UK
CUST-300187,ariabrown@yahoo.com,Aria Brown,2,128.46,64.23,55,1,0,bronze,false,0.55,1,1744889931,CA
CUST-300188,noahtorres@fastmail.com,Noah Torres,1,73.44,73.44,96,1,0,bronze,false,0.46,1,1754048331,US
CUST-300189,emma.king@aol.com,Emma King,64,2407.68,37.62,55,4,9,gold,true,0.97,4,1764329931,UK
CUST-300190,grace.torres@icloud.com,Grace Torres,37,4152.14,112.22,1,7,2,gold,true,0.38,3,1718019531,AU
CUST-300191,aidenallen3@fastmail.com,Aiden Allen,57,5971.89,104.77,42,5,1,platinum,true,0.33,2,1753529931,US
CUST-300192,chloeflores@icloud.com,Chloe Flores,1,68.81,68.81,104,0,0,bronze,true,0.6,1,1748518731,AU
CUST-300193,samuelwright@protonmail.com,Samuel Wright,3,83.97,27.99,199,0,0,bronze,true,0.67,1,1745494731,US
CUST-300194,chloegarcia54@aol.com,Chloe Garcia,131,25199.16,192.36,13,10,1,platinum,true,0.01,5,1740569931,US
CUST-300195,avery_young63@gmail.com,Avery Young,17,983.96,57.88,13,7,8,gold,true,0.61,4,1751715531,AU
CUST-300196,ameliawhite@icloud.com,Amelia White,71,6343.85,89.35,31,3,0,platinum,true,0.38,3,1737718731,DE
CUST-300197,henry.torres@aol.com,Henry Torres,159,31763.43,199.77,6,6,0,platinum,true,0.18,8,1739792331,CA
CUST-300198,sebastian_johnson63@aol.com,Sebastian Johnson,24,1367.28,56.97,31,13,4,gold,true,0.81,2,1763725131,AU
CUST-300199,sofia_smith@aol.com,Sofia Smith,23,1174.61,51.07,60,7,10,gold,true,0.93,6,1766489931,UK
CUST-300200,samuel.torres4@outlook.com,Samuel Torres,52,10209.16,196.33,10,9,0,platinum,true,0.14,3,1749209931,DE
CUST-300201,sofia_lopez59@protonmail.com,Sofia Lopez,17,2016.03,118.59,172,0,6,bronze,false,0.2,4,1714217931,DE
CUST-300202,jamesmiller40@outlook.com,James Miller,180,24224.4,134.58,19,29,1,platinum,true,0.1,5,1732621131,CA
CUST-300203,leo.torres@fastmail.com,Leo Torres,56,10727.92,191.57,4,5,2,platinum,true,0.12,3,1722685131,AU
CUST-300204,ryan.sanchez@yahoo.com,Ryan Sanchez,7,524.37,74.91,167,0,6,silver,false,0.37,4,1733225931,CA
CUST-300205,dylan_king@fastmail.com,Dylan King,76,1249.44,16.44,59,12,6,gold,true,0.6,3,1736077131,DE
CUST-300206,william.gonzalez@outlook.com,William Gonzalez,30,3730.5,124.35,308,0,5,bronze,false,0.4,1,1731843531,CA
CUST-300207,jameshernandez40@protonmail.com,James Hernandez,31,3605.3,116.3,339,0,2,bronze,false,0.25,1,1728301131,DE
CUST-300208,matthew_harris@aol.com,Matthew Harris,178,36140.3,304.97,22,20,0,platinum,true,0.11,7,1743421131,AU
CUST-300209,ethan_brown@fastmail.com,Ethan Brown,78,2236.26,28.67,8,7,5,silver,true,0.87,4,1730288331,UK
CUST-300210,jackson_williams@yahoo.com,Jackson Williams,167,43879.25,262.75,9,16,3,platinum,true,0.15,8,1707651531,CA
CUST-300211,isabella.lee20@icloud.com,Isabella Lee,195,49164.22,357.7,16,11,2,platinum,true,0.13,6,1729078731,CA
CUST-300212,evelyn_king@outlook.com,Evelyn King,72,2473.92,34.36,20,8,5,silver,true,0.96,3,1731670731,UK
CUST-300213,jackson_thomas@protonmail.com,Jackson Thomas,37,3253.41,87.93,167,0,4,silver,false,0.22,3,1728473931,CA
CUST-300214,emma.young94@outlook.com,Emma Young,38,948.48,24.96,56,14,9,gold,true,0.69,5,1761046731,AU
CUST-300215,isabella.king@gmail.com,Isabella King,69,5311.62,76.98,3,12,2,gold,true,0.37,5,1718451531,US
CUST-300216,caleb_taylor@protonmail.com,Caleb Taylor,1,61.85,61.85,306,0,1,bronze,true,0.55,1,1771846731,CA
CUST-300217,benjamin.robinson@fastmail.com,Benjamin Robinson,31,1963.85,63.35,24,6,2,gold,true,0.36,3,1746704331,UK
CUST-300218,benjamin.nguyen@fastmail.com,Benjamin Nguyen,34,6471.56,190.34,13,7,1,gold,true,0.31,2,1712835531,US
CUST-300219,emma_torres@protonmail.com,Emma Torres,18,2129.04,118.28,125,0,3,silver,false,0.3,4,1747136331,UK
CUST-300220,sebastian_jones73@fastmail.com,Sebastian Jones,1,15.15,15.15,79,1,0,bronze,false,0.36,1,1747741131,UK
CUST-300221,lucaslopez@gmail.com,Lucas Lopez,3,225.78,75.26,351,1,1,bronze,true,0.43,1,1760441931,US
CUST-300222,dylan_torres@hotmail.com,Dylan Torres,2,90.86,45.43,221,1,0,bronze,true,0.4,1,1768131531,CA
CUST-300223,isabellajones@yahoo.com,Isabella Jones,80,11153.6,139.42,15,5,1,gold,true,0.39,3,1750678731,CA
CUST-300224,owenramirez45@aol.com,Owen Ramirez,37,4586.15,123.95,218,0,3,silver,false,0.45,2,1718105931,CA
CUST-300225,harper_smith37@aol.com,Harper Smith,99,30823.65,311.35,27,14,1,platinum,true,0.08,4,1687606731,DE
CUST-300226,chloe_walker@aol.com,Chloe Walker,5,591.05,118.21,226,0,5,silver,false,0.6,1,1727091531,CA
CUST-300227,arialee44@icloud.com,Aria Lee,8,305.2,38.15,225,0,4,bronze,false,0.51,1,1732880331,AU
CUST-300228,evelynanderson@yahoo.com,Evelyn Anderson,24,741.12,30.88,12,10,10,gold,true,0.92,3,1749901131,CA
CUST-300229,hannah.ramirez@protonmail.com,Hannah Ramirez,3,117.6,39.2,51,1,0,bronze,false,0.51,1,1761133131,US
CUST-300230,dylanwhite@protonmail.com,Dylan White,11,1595.44,145.04,206,0,5,bronze,false,0.55,4,1717501131,US
CUST-300231,emmagonzalez13@outlook.com,Emma Gonzalez,75,2127,28.36,6,14,2,gold,true,0.75,5,1739360331,DE
CUST-300232,alexanderyoung@gmail.com,Alexander Young,63,28346.85,449.95,9,21,2,platinum,true,0.13,4,1693049931,AU
CUST-300233,scarlett_scott@protonmail.com,Scarlett Scott,14,1532.3,109.45,309,0,2,silver,false,0.52,3,1735731531,CA
CUST-300234,lucas.johnson@icloud.com,Lucas Johnson,180,37199.82,354.68,8,13,2,platinum,true,0.11,8,1698925131,DE
CUST-300235,samuelharris@fastmail.com,Samuel Harris,38,4501.48,118.46,128,0,2,bronze,false,0.25,4,1735558731,UK
CUST-300236,owenlewis60@outlook.com,Owen Lewis,13,627.77,48.29,253,0,4,bronze,false,0.36,1,1736768331,US
CUST-300237,victoriajohnson45@aol.com,Victoria Johnson,82,10370.54,126.47,24,7,0,platinum,true,0.3,4,1751110731,UK
CUST-300238,nathanjones@icloud.com,Nathan Jones,1,47.57,47.57,84,0,1,bronze,false,0.74,1,1744717131,CA
CUST-300239,ella.scott@gmail.com,Ella Scott,2,84.14,42.07,336,0,1,bronze,false,0.73,1,1749728331,AU
CUST-300240,caleblewis18@outlook.com,Caleb Lewis,104,43008.16,413.54,2,18,2,platinum,true,0.11,4,1723894731,DE
CUST-300241,jackson.scott1@protonmail.com,Jackson Scott,18,1660.86,92.27,230,0,4,bronze,false,0.39,1,1710329931,AU
CUST-300242,harperyoung@icloud.com,Harper Young,47,6089.79,129.57,44,12,0,platinum,true,0.33,5,1726054731,US
CUST-300243,sebastian.anderson7@outlook.com,Sebastian Anderson,72,7136.64,99.12,28,8,1,gold,true,0.22,3,1724845131,UK
CUST-300244,charlotte.brown@gmail.com,Charlotte Brown,5,523.55,104.71,252,0,1,bronze,false,0.26,1,1729769931,CA
CUST-300245,averyanderson@icloud.com,Avery Anderson,198,30599.75,383.13,7,23,2,platinum,true,0.04,5,1680176331,CA
CUST-300246,layla.king@icloud.com,Layla King,69,13859.34,200.86,23,6,0,platinum,true,0.13,6,1676720331,CA
CUST-300247,william.perez37@aol.com,William Perez,140,14221.2,101.58,25,10,2,platinum,true,0.14,6,1719747531,AU
CUST-300248,mia_smith24@yahoo.com,Mia Smith,115,48957.8,425.72,23,18,1,platinum,true,0.11,4,1743939531,AU
CUST-300249,chloe.torres@yahoo.com,Chloe Torres,2,85.56,42.78,255,1,1,bronze,false,0.42,1,1771846731,US
CUST-300250,ameliataylor99@protonmail.com,Amelia Taylor,50,20512,410.24,3,26,3,platinum,true,0.12,8,1724585931,DE
CUST-300251,layla_anderson@gmail.com,Layla Anderson,36,5309.28,147.48,356,0,2,bronze,false,0.36,2,1733830731,CA
CUST-300252,ava_white93@hotmail.com,Ava White,67,31525.51,470.53,5,29,3,platinum,true,0.16,5,1735299531,UK
CUST-300253,benjamin.white40@icloud.com,Benjamin White,132,46230.36,350.23,13,20,0,platinum,true,0.02,7,1705923531,CA
CUST-300254,sophia_lee@hotmail.com,Sophia Lee,27,2258.01,83.63,251,0,2,bronze,false,0.28,1,1752925131,US
CUST-300255,miasanchez57@outlook.com,Mia Sanchez,1,31.63,31.63,311,1,0,bronze,false,0.41,1,1748173131,UK
CUST-300256,emma.lee@outlook.com,Emma Lee,73,3337.56,45.72,55,5,4,silver,true,0.66,6,1728041931,CA
CUST-300257,dylan.thompson@protonmail.com,Dylan Thompson,18,2440.08,135.56,342,0,4,bronze,false,0.35,1,1704713931,AU
CUST-300258,ryantaylor@gmail.com,Ryan Taylor,78,10657.14,136.63,9,5,2,gold,true,0.15,4,1725622731,DE
CUST-300259,scarlett.martinez@aol.com,Scarlett Martinez,62,10366.4,167.2,22,8,0,gold,true,0.16,2,1754739531,AU
CUST-300260,christian_thompson24@aol.com,Christian Thompson,65,4870.45,74.93,9,8,1,gold,true,0.28,4,1729942731,US
CUST-300261,liam_clark@yahoo.com,Liam Clark,23,482.54,20.98,364,0,5,silver,false,0.26,3,1746185931,UK
CUST-300262,abigail.lee@icloud.com,Abigail Lee,99,15828.12,159.88,45,3,1,platinum,true,0.13,5,1757417931,DE
CUST-300263,elizabeth_davis5@fastmail.com,Elizabeth Davis,28,1141,40.75,50,3,3,gold,true,0.72,5,1735126731,AU
CUST-300264,victoria.allen@aol.com,Victoria Allen,42,6885.9,163.95,33,12,1,gold,true,0.35,5,1713008331,DE
CUST-300265,calebjohnson@yahoo.com,Caleb Johnson,1,61.3,61.3,264,0,1,bronze,false,0.72,1,1764416331,US
CUST-300266,avery_wright@aol.com,Avery Wright,72,23734.8,329.65,12,28,0,platinum,true,0.03,6,1724845131,US
CUST-300267,caleb.thompson@gmail.com,Caleb Thompson,38,4250.3,111.85,264,0,4,bronze,false,0.52,1,1728819531,DE
CUST-300268,lucaswright@yahoo.com,Lucas Wright,2,109.64,54.82,236,0,0,bronze,false,0.65,1,1766662731,UK
CUST-300269,leo_walker9@icloud.com,Leo Walker,133,37389.13,424.28,0,22,2,platinum,true,0.1,6,1697888331,DE
CUST-300270,avery.jackson@protonmail.com,Avery Jackson,180,49467.55,298.89,22,13,3,platinum,true,0.17,7,1715773131,AU
CUST-300271,emma_lee@yahoo.com,Emma Lee,26,2100.28,80.78,342,0,1,silver,false,0.47,3,1753097931,AU
CUST-300272,samuelclark22@icloud.com,Samuel Clark,21,2554.86,121.66,249,0,2,bronze,false,0.4,3,1714649931,CA
CUST-300273,avaharris36@aol.com,Ava Harris,36,1122.12,31.17,32,15,10,gold,true,0.74,5,1751283531,CA
CUST-300274,isaac_walker@fastmail.com,Isaac Walker,91,18593.12,204.32,15,20,2,platinum,true,0.15,8,1744457931,US
CUST-300275,evelyngarcia70@outlook.com,Evelyn Garcia,11,1070.74,97.34,258,0,5,bronze,false,0.43,2,1709379531,US
CUST-300276,owensanchez@hotmail.com,Owen Sanchez,28,805.56,28.77,15,15,3,gold,true,0.7,3,1732966731,AU
CUST-300277,harper.white@outlook.com,Harper White,182,45315.58,450.93,23,14,3,platinum,true,0.16,7,1698147531,US
CUST-300278,emily.nguyen@gmail.com,Emily Nguyen,2,36.68,18.34,187,0,1,bronze,true,0.39,1,1751283531,CA
CUST-300279,evelynhill@icloud.com,Evelyn Hill,51,2225.64,43.64,42,9,8,gold,true,0.94,3,1741174731,CA
CUST-300280,emmawright@outlook.com,Emma Wright,24,3489.36,145.39,203,0,5,bronze,false,0.58,2,1748950731,US
CUST-300281,sofia_jackson50@outlook.com,Sofia Jackson,72,17307.36,240.38,19,12,3,platinum,true,0.02,4,1718537931,CA
CUST-300282,noah_robinson@hotmail.com,Noah Robinson,173,34324.93,198.41,11,26,1,platinum,true,0.16,5,1722253131,AU
CUST-300283,isaacdavis@yahoo.com,Isaac Davis,70,4021.5,57.45,41,11,10,silver,true,0.68,5,1745667531,US
CUST-300284,aria.king10@outlook.com,Aria King,81,25875.45,319.45,30,10,3,platinum,true,0.09,6,1679744331,AU
CUST-300285,abigailking@aol.com,Abigail King,184,35626.08,193.62,23,22,1,platinum,true,0.07,8,1728819531,US
CUST-300286,dylan.hill@gmail.com,Dylan Hill,73,9652.79,132.23,21,12,2,gold,true,0.24,2,1749641931,CA
CUST-300287,william.davis8@yahoo.com,William Davis,176,28086.08,159.58,4,29,1,platinum,true,0.13,8,1711453131,CA
CUST-300288,lily_harris@fastmail.com,Lily Harris,98,6990.34,71.33,43,10,1,platinum,true,0.27,3,1730547531,CA
CUST-300289,mia_hernandez29@gmail.com,Mia Hernandez,21,1639.89,78.09,18,10,0,platinum,true,0.27,2,1713785931,AU
CUST-300290,leotorres@icloud.com,Leo Torres,161,38317.93,446.78,17,23,2,platinum,true,0.08,5,1732102731,AU
CUST-300291,layla_thomas56@aol.com,Layla Thomas,191,48502.54,253.94,18,8,2,platinum,true,0.19,5,1685273931,UK
CUST-300292,danielwalker33@icloud.com,Daniel Walker,3,129.12,43.04,261,1,0,bronze,false,0.64,1,1757331531,AU
CUST-300293,miasmith@yahoo.com,Mia Smith,3,222.6,74.2,357,1,0,bronze,false,0.6,1,1771241931,CA
CUST-300294,emma_rodriguez@outlook.com,Emma Rodriguez,3,233.76,77.92,63,1,0,bronze,false,0.54,1,1746963531,AU
CUST-300295,elijah_clark@yahoo.com,Elijah Clark,3,203.52,67.84,229,1,1,bronze,true,0.5,1,1747654731,AU
CUST-300296,dylan_clark@aol.com,Dylan Clark,40,4174.8,104.37,181,0,5,silver,false,0.33,4,1743853131,UK
CUST-300297,grace_hill@icloud.com,Grace Hill,25,2974,118.96,10,5,0,platinum,true,0.38,5,1728041931,CA
CUST-300298,ariaking@gmail.com,Aria King,3,201.69,67.23,164,1,1,bronze,true,0.56,1,1765539531,CA
CUST-300299,elijah.torres@icloud.com,Elijah Torres,77,4048.66,52.58,53,3,10,gold,true,0.71,5,1764070731,DE
CUST-300300,evelyn.white@yahoo.com,Evelyn White,25,2593,103.72,20,3,1,gold,true,0.11,5,1745926731,UK
CUST-300301,rileysmith@icloud.com,Riley Smith,1,34.7,34.7,102,1,1,bronze,true,0.68,1,1747568331,US
CUST-300302,dylan_gonzalez@aol.com,Dylan Gonzalez,2,39.34,19.67,199,0,1,bronze,false,0.37,1,1767872331,UK
CUST-300303,leo_allen50@aol.com,Leo Allen,94,18345.98,195.17,19,4,2,gold,true,0.32,4,1726573131,UK
CUST-300304,alexander.williams81@hotmail.com,Alexander Williams,3,83.49,27.83,204,0,1,bronze,true,0.52,1,1766749131,CA
CUST-300305,elijah.rodriguez@outlook.com,Elijah Rodriguez,28,4032,144,20,7,2,gold,true,0.2,3,1744371531,CA
CUST-300306,james.jones13@fastmail.com,James Jones,34,5668.14,166.71,32,6,1,gold,true,0.3,2,1754134731,CA
CUST-300307,laylawilson10@outlook.com,Layla Wilson,78,19051.5,244.25,20,30,2,platinum,true,0.06,4,1687606731,US
CUST-300308,caleb.harris@protonmail.com,Caleb Harris,26,3624.66,139.41,45,7,0,gold,true,0.17,2,1749037131,US
CUST-300309,james.nguyen@icloud.com,James Nguyen,120,14984.4,124.87,3,19,0,platinum,true,0.01,4,1714217931,CA
CUST-300310,chloe_ramirez@protonmail.com,Chloe Ramirez,137,42139.74,365.29,20,20,2,platinum,true,0.14,6,1684841931,CA
CUST-300311,abigailramirez@hotmail.com,Abigail Ramirez,88,30350.32,344.89,26,29,1,platinum,true,0.16,6,1703677131,DE
CUST-300312,william.moore62@protonmail.com,William Moore,3,196.62,65.54,163,0,0,bronze,true,0.68,1,1766662731,CA
CUST-300313,danielwilliams@icloud.com,Daniel Williams,3,69.75,23.25,227,1,1,bronze,false,0.76,1,1744717131,DE
CUST-300314,christiananderson@aol.com,Christian Anderson,27,2347.11,86.93,1,6,0,gold,true,0.11,2,1753011531,CA
CUST-300315,hannah_moore@aol.com,Hannah Moore,73,35491.87,486.19,12,5,2,platinum,true,0.07,5,1675424331,US
CUST-300316,emma.rodriguez@fastmail.com,Emma Rodriguez,25,588.75,23.55,30,8,4,silver,true,0.83,2,1741347531,US
CUST-300317,emmawilson@fastmail.com,Emma Wilson,38,1957.38,51.51,216,0,1,silver,false,0.28,1,1722512331,UK
CUST-300318,charlotte.robinson73@hotmail.com,Charlotte Robinson,13,388.18,29.86,340,0,5,bronze,false,0.3,2,1730288331,UK
CUST-300319,noah_gonzalez@hotmail.com,Noah Gonzalez,116,35038.96,302.06,7,5,1,platinum,true,0.07,7,1720438731,CA
CUST-300320,chloe.thomas77@protonmail.com,Chloe Thomas,112,22756.16,203.18,28,18,2,platinum,true,0.17,5,1685878731,CA
CUST-300321,laylanguyen@hotmail.com,Layla Nguyen,37,6309.98,170.54,32,5,1,platinum,true,0.31,5,1752579531,CA
CUST-300322,williamgarcia74@yahoo.com,William Garcia,3,141.36,47.12,110,0,1,bronze,false,0.7,1,1758368331,AU
CUST-300323,jacksonmartin@hotmail.com,Jackson Martin,3,145.02,48.34,282,0,1,bronze,false,0.7,1,1746963531,US
CUST-300324,layla.brown@icloud.com,Layla Brown,14,797.16,56.94,261,0,2,silver,false,0.35,2,1703849931,DE
CUST-300325,lucas.thomas@gmail.com,Lucas Thomas,64,11103.36,173.49,14,4,2,platinum,true,0.31,5,1736422731,CA
CUST-300326,isaaclopez@gmail.com,Isaac Lopez,64,30250.24,472.66,1,15,3,platinum,true,0.18,4,1742816331,CA
CUST-300327,victoriaking@icloud.com,Victoria King,2,109.24,54.62,85,0,0,bronze,true,0.5,1,1756640331,DE
CUST-300328,mia_davis@hotmail.com,Mia Davis,76,11099.8,146.05,32,11,2,gold,true,0.15,4,1712230731,CA
CUST-300329,rileymoore68@icloud.com,Riley Moore,2,76.04,38.02,44,0,0,bronze,true,0.46,1,1750073931,DE
CUST-300330,matthew_young90@yahoo.com,Matthew Young,96,12225.6,127.35,10,4,1,gold,true,0.17,4,1708429131,UK
CUST-300331,dylansanchez@aol.com,Dylan Sanchez,68,2393.6,35.2,25,9,10,gold,true,0.76,6,1732621131,AU
CUST-300332,emma_wright@gmail.com,Emma Wright,58,2078.72,35.84,39,4,2,gold,true,0.68,5,1732621131,AU
CUST-300333,grace_brown@fastmail.com,Grace Brown,166,39665.91,457.07,20,18,0,platinum,true,0.11,6,1728473931,AU
CUST-300334,elizabeth_lopez@aol.com,Elizabeth Lopez,162,42675.82,479.72,2,5,2,platinum,true,0.14,6,1711193931,DE
CUST-300335,avamartinez@protonmail.com,Ava Martinez,162,45907.11,371.06,21,24,1,platinum,true,0.02,4,1715686731,DE
CUST-300336,aria_clark@fastmail.com,Aria Clark,71,10782.06,151.86,23,21,1,platinum,true,0.08,4,1713872331,DE
CUST-300337,ryan_taylor@yahoo.com,Ryan Taylor,19,723.9,38.1,140,0,5,silver,false,0.26,1,1707910731,CA
CUST-300338,ryanmiller39@hotmail.com,Ryan Miller,100,16834,168.34,4,10,2,gold,true,0.21,4,1741606731,DE
CUST-300339,avasanchez@outlook.com,Ava Sanchez,42,1060.92,25.26,55,15,10,gold,true,0.87,6,1747481931,DE
CUST-300340,benjamin_smith@icloud.com,Benjamin Smith,1,46.29,46.29,360,1,1,bronze,true,0.39,1,1767440331,AU
CUST-300341,henry.gonzalez@outlook.com,Henry Gonzalez,121,36163.08,478.02,14,16,0,platinum,true,0.09,8,1732621131,AU
CUST-300342,amelia.thompson50@icloud.com,Amelia Thompson,7,701.96,100.28,166,0,4,bronze,false,0.26,3,1704368331,UK
CUST-300343,jack_harris82@aol.com,Jack Harris,27,1265.49,46.87,15,3,8,gold,true,0.7,3,1726745931,DE
CUST-300344,leo.allen@outlook.com,Leo Allen,35,2644.95,75.57,206,0,5,silver,false,0.34,4,1755430731,US
CUST-300345,daniel_lee@gmail.com,Daniel Lee,62,2771.4,44.7,37,11,7,gold,true,0.9,2,1735645131,DE
CUST-300346,sebastianramirez@hotmail.com,Sebastian Ramirez,54,2048.22,37.93,10,15,5,silver,true,0.77,2,1742125131,AU
CUST-300347,sofia.king44@protonmail.com,Sofia King,78,2293.2,29.4,10,14,4,silver,true,0.66,4,1731152331,DE
CUST-300348,amelia.thomas@hotmail.com,Amelia Thomas,64,6091.52,95.18,13,12,0,platinum,true,0.18,2,1720093131,US
CUST-300349,nathan.ramirez@icloud.com,Nathan Ramirez,87,17365.2,199.6,35,10,0,gold,true,0.36,5,1712835531,CA
CUST-300350,henry_torres@fastmail.com,Henry Torres,182,38923.77,423.53,3,5,0,platinum,true,0.14,5,1683632331,UK
CUST-300351,nathan.scott@yahoo.com,Nathan Scott,166,38433.98,231.53,20,16,1,platinum,true,0.05,7,1710416331,UK
CUST-300352,benjamin.harris@fastmail.com,Benjamin Harris,18,512.82,28.49,332,0,5,bronze,false,0.25,1,1712317131,CA
CUST-300353,samuel.perez@yahoo.com,Samuel Perez,17,1049.07,61.71,324,0,4,silver,false,0.2,2,1743075531,UK
CUST-300354,noahlee44@icloud.com,Noah Lee,20,2699.6,134.98,209,0,1,bronze,false,0.37,1,1743248331,AU
CUST-300355,jameslopez@protonmail.com,James Lopez,39,4023.63,103.17,4,10,2,gold,true,0.13,4,1742297931,US
CUST-300356,christian.gonzalez@aol.com,Christian Gonzalez,21,2901.78,138.18,120,0,5,bronze,false,0.53,1,1740224331,UK
CUST-300357,aria.taylor@fastmail.com,Aria Taylor,1,62.92,62.92,323,1,1,bronze,true,0.52,1,1747568331,UK
CUST-300358,scarlett_scott87@yahoo.com,Scarlett Scott,15,2166,144.4,212,0,5,bronze,false,0.55,2,1754480331,US
CUST-300359,benjamin.martinez97@hotmail.com,Benjamin Martinez,16,940.64,58.79,295,0,3,silver,false,0.32,3,1724413131,UK
CUST-300360,elizabethmoore@aol.com,Elizabeth Moore,184,34893.01,434.24,9,29,1,platinum,true,0.09,5,1732361931,CA
CUST-300361,daniel_jackson@yahoo.com,Daniel Jackson,24,978.48,40.77,150,0,1,bronze,false,0.33,1,1748432331,UK
CUST-300362,chloe_lopez@fastmail.com,Chloe Lopez,1,40.74,40.74,183,1,1,bronze,true,0.32,1,1750678731,CA
CUST-300363,nathanking27@icloud.com,Nathan King,54,1058.94,19.61,41,13,2,gold,true,0.76,3,1742989131,AU
CUST-300364,charlotte.robinson@outlook.com,Charlotte Robinson,3,155.76,51.92,353,0,1,bronze,true,0.56,1,1758886731,CA
CUST-300365,layla_young@protonmail.com,Layla Young,60,1270.2,21.17,57,3,2,gold,true,0.87,4,1740051531,DE
CUST-300366,lilylee@icloud.com,Lily Lee,41,6318.51,154.11,4,8,0,platinum,true,0.25,5,1723462731,UK
CUST-300367,charlottetaylor@fastmail.com,Charlotte Taylor,69,5151.54,74.66,10,8,1,platinum,true,0.4,2,1749296331,CA
CUST-300368,lucas_white@icloud.com,Lucas White,18,856.08,47.56,283,0,1,bronze,false,0.44,2,1705577931,UK
CUST-300369,henryjohnson@fastmail.com,Henry Johnson,63,18062.73,286.71,30,7,1,platinum,true,0.18,6,1715168331,UK
CUST-300370,jackson.lopez93@gmail.com,Jackson Lopez,153,47368.72,376.06,15,26,0,platinum,true,0.15,8,1685878731,AU
CUST-300371,amelia_flores@fastmail.com,Amelia Flores,93,13974.18,150.26,6,11,1,gold,true,0.37,5,1730633931,UK
CUST-300372,isaac_wright@fastmail.com,Isaac Wright,43,456.23,10.61,21,6,5,gold,true,0.82,4,1752925131,DE
CUST-300373,ariamartinez93@outlook.com,Aria Martinez,3,163.68,54.56,257,1,1,bronze,true,0.33,1,1760528331,UK
CUST-300374,william_miller@fastmail.com,William Miller,31,948.29,30.59,225,0,3,bronze,false,0.31,3,1712921931,UK
CUST-300375,lucasnguyen92@icloud.com,Lucas Nguyen,51,7269.54,142.54,30,7,1,platinum,true,0.37,5,1737805131,UK
CUST-300376,calebwhite31@outlook.com,Caleb White,129,33777.36,261.84,17,27,3,platinum,true,0.05,7,1683286731,US
CUST-300377,hannah_torres@yahoo.com,Hannah Torres,79,3111.81,39.39,22,8,6,gold,true,0.88,6,1759923531,DE
CUST-300378,scarlett_walker@hotmail.com,Scarlett Walker,62,2984.68,48.14,18,13,5,silver,true,0.86,3,1759577931,US
CUST-300379,laylawilson@icloud.com,Layla Wilson,10,289.5,28.95,328,0,6,silver,false,0.31,2,1699357131,AU
CUST-300380,grace_perez@hotmail.com,Grace Perez,1,26.84,26.84,311,1,1,bronze,false,0.39,1,1755085131,DE
CUST-300381,abigail_garcia@aol.com,Abigail Garcia,72,4186.8,58.15,5,3,8,gold,true,0.92,5,1763379531,CA
CUST-300382,scarlettking@yahoo.com,Scarlett King,3,178.83,59.61,276,1,0,bronze,true,0.32,1,1753702731,UK
CUST-300383,emily.lopez18@fastmail.com,Emily Lopez,2,138.86,69.43,107,1,1,bronze,false,0.5,1,1764934731,UK
CUST-300384,grace.sanchez@outlook.com,Grace Sanchez,15,1842.15,122.81,275,0,2,bronze,false,0.22,2,1728387531,UK
CUST-300385,isabella.allen@aol.com,Isabella Allen,28,705.88,25.21,160,0,3,bronze,false,0.29,2,1729337931,CA
CUST-300386,oliviaallen@outlook.com,Olivia Allen,1,51.05,51.05,238,1,0,bronze,false,0.39,1,1747395531,AU
CUST-300387,mia_scott62@outlook.com,Mia Scott,43,1472.75,34.25,23,14,6,gold,true,0.95,6,1763638731,CA
CUST-300388,ryanrobinson@outlook.com,Ryan Robinson,1,24.23,24.23,191,0,1,bronze,false,0.39,1,1763725131,UK
CUST-300389,avery.thomas@protonmail.com,Avery Thomas,73,5101.24,69.88,3,4,1,gold,true,0.36,3,1723721931,CA
CUST-300390,liam.brown@outlook.com,Liam Brown,27,2614.14,96.82,33,9,2,platinum,true,0.26,5,1710416331,CA
CUST-300391,aria.martin13@aol.com,Aria Martin,2,58.92,29.46,297,1,0,bronze,true,0.62,1,1761651531,DE
CUST-300392,isaac.robinson@yahoo.com,Isaac Robinson,34,3224.56,94.84,16,7,0,platinum,true,0.4,3,1716377931,US
CUST-300393,owenwilliams@protonmail.com,Owen Williams,41,4418.98,107.78,11,10,0,platinum,true,0.24,4,1752233931,AU
CUST-300394,elizabeth.wilson27@hotmail.com,Elizabeth Wilson,63,2774.52,44.04,8,5,0,gold,true,0.15,4,1742557131,DE
CUST-300395,averymartin@yahoo.com,Avery Martin,89,13115.93,147.37,27,4,1,gold,true,0.14,2,1742211531,US
CUST-300396,sofiascott84@hotmail.com,Sofia Scott,47,1377.1,29.3,58,4,2,silver,true,0.94,6,1757504331,US
CUST-300397,victoria.martinez@aol.com,Victoria Martinez,30,634.5,21.15,334,0,6,bronze,false,0.51,2,1702553931,US
CUST-300398,hannah_allen7@protonmail.com,Hannah Allen,79,4119.85,52.15,25,15,8,silver,true,0.65,2,1758627531,DE
CUST-300399,victoria_ramirez93@outlook.com,Victoria Ramirez,92,11404.32,123.96,17,28,2,platinum,true,0.06,6,1722512331,DE
CUST-300400,liamthomas@fastmail.com,Liam Thomas,10,284.1,28.41,344,0,5,silver,false,0.26,2,1744371531,AU
CUST-300401,ellagarcia@outlook.com,Ella Garcia,52,16312.92,313.71,11,24,0,platinum,true,0.18,4,1723549131,UK
CUST-300402,chloe_lopez@icloud.com,Chloe Lopez,79,7111.58,90.02,16,8,2,platinum,true,0.15,3,1731411531,DE
CUST-300403,sebastian.harris@protonmail.com,Sebastian Harris,48,6913.44,144.03,1,4,0,gold,true,0.15,5,1724153931,UK
CUST-300404,gracehernandez24@fastmail.com,Grace Hernandez,83,7893.3,95.1,14,5,2,platinum,true,0.22,4,1715945931,DE
CUST-300405,sofia_jones36@outlook.com,Sofia Jones,3,223.29,74.43,271,1,0,bronze,true,0.5,1,1771501131,US
CUST-300406,leo.white53@icloud.com,Leo White,105,32959.5,313.9,15,26,3,platinum,true,0.1,5,1686310731,DE
CUST-300407,williamwilliams20@hotmail.com,William Williams,39,1399.32,35.88,198,0,4,silver,false,0.22,2,1721734731,US
CUST-300408,amelia_harris@fastmail.com,Amelia Harris,35,1339.8,38.28,49,6,6,gold,true,0.71,2,1755430731,AU
CUST-300409,dylan_thomas@fastmail.com,Dylan Thomas,3,112.08,37.36,54,1,0,bronze,false,0.77,1,1750678731,CA
CUST-300410,benjaminlopez59@icloud.com,Benjamin Lopez,3,200.04,66.68,204,0,1,bronze,false,0.49,1,1747136331,CA
CUST-300411,liammoore14@fastmail.com,Liam Moore,80,4059.2,50.74,44,4,1,gold,true,0.11,5,1745667531,US
CUST-300412,ava.brown45@yahoo.com,Ava Brown,116,20977.44,180.84,26,7,0,platinum,true,0.02,7,1687174731,CA
CUST-300413,samuel.scott@protonmail.com,Samuel Scott,37,2487.88,67.24,199,0,5,silver,false,0.58,1,1699270731,UK
CUST-300414,abigailyoung@icloud.com,Abigail Young,30,3683.1,122.77,358,0,4,silver,false,0.4,2,1736854731,CA
CUST-300415,emmajackson59@protonmail.com,Emma Jackson,88,43346.16,492.57,24,24,3,platinum,true,0.02,6,1708688331,DE
CUST-300416,avery.thomas@fastmail.com,Avery Thomas,13,1701.57,130.89,204,0,1,silver,false,0.36,4,1730806731,DE
CUST-300417,abigail.jones@hotmail.com,Abigail Jones,3,188.52,62.84,178,1,0,bronze,false,0.61,1,1752320331,AU
CUST-300418,owen_williams89@fastmail.com,Owen Williams,85,13250.65,155.89,15,4,2,platinum,true,0.39,3,1734608331,DE
CUST-300419,matthew.johnson@yahoo.com,Matthew Johnson,159,35990.69,336,18,12,0,platinum,true,0.06,7,1714822731,DE
CUST-300420,jamesmartin11@yahoo.com,James Martin,199,48784.85,245.15,4,15,3,platinum,true,0.09,6,1697197131,CA
CUST-300421,lucastaylor@aol.com,Lucas Taylor,96,13404.48,139.63,29,12,1,gold,true,0.31,5,1726054731,AU
CUST-300422,scarlett_taylor@gmail.com,Scarlett Taylor,78,3783.78,48.51,19,7,8,silver,true,0.79,5,1731929931,DE
CUST-300423,benjaminscott@aol.com,Benjamin Scott,195,41645.46,426.47,9,28,2,platinum,true,0.16,5,1742643531,AU
CUST-300424,sebastian.martinez46@yahoo.com,Sebastian Martinez,69,11413.29,165.41,4,4,2,gold,true,0.2,5,1723721931,DE
CUST-300425,henrywright@protonmail.com,Henry Wright,1,64.76,64.76,159,1,1,bronze,true,0.51,1,1763638731,US
CUST-300426,emily_wilson19@yahoo.com,Emily Wilson,9,899.01,99.89,236,0,6,bronze,false,0.38,2,1707305931,UK
CUST-300427,caleb.johnson@protonmail.com,Caleb Johnson,14,459.2,32.8,256,0,1,bronze,false,0.37,4,1754393931,DE
CUST-300428,evelyn_williams@fastmail.com,Evelyn Williams,1,67.91,67.91,336,1,1,bronze,true,0.78,1,1761219531,UK
CUST-300429,james.lewis45@protonmail.com,James Lewis,34,3315.34,97.51,120,0,2,silver,false,0.53,3,1724931531,US
CUST-300430,scarlett_allen29@fastmail.com,Scarlett Allen,40,2382.8,59.57,46,9,2,silver,true,0.62,5,1744889931,CA
CUST-300431,graceperez@yahoo.com,Grace Perez,26,4002.96,153.96,33,12,2,gold,true,0.23,3,1726054731,AU
CUST-300432,sebastian_wright32@yahoo.com,Sebastian Wright,2,32.88,16.44,351,1,0,bronze,false,0.61,1,1767699531,CA
CUST-300433,elizabeth.johnson3@gmail.com,Elizabeth Johnson,40,4256.4,106.41,275,0,4,bronze,false,0.5,2,1757072331,UK
CUST-300434,hannah_lopez38@gmail.com,Hannah Lopez,3,199.38,66.46,82,1,1,bronze,true,0.57,1,1768217931,CA
CUST-300435,emily.lopez@gmail.com,Emily Lopez,2,97.4,48.7,104,0,1,bronze,false,0.39,1,1758022731,UK
CUST-300436,alexander_garcia@yahoo.com,Alexander Garcia,3,190.14,63.38,309,0,1,bronze,true,0.79,1,1746272331,AU
CUST-300437,jamesthomas@gmail.com,James Thomas,73,1787.77,24.49,24,9,10,silver,true,0.95,2,1740656331,CA
CUST-300438,christian.wright44@gmail.com,Christian Wright,138,46849.74,395.12,17,26,3,platinum,true,0.2,4,1697801931,CA
CUST-300439,aidenbrown6@gmail.com,Aiden Brown,21,827.61,39.41,56,12,2,gold,true,0.68,2,1763897931,AU
CUST-300440,jack.harris@hotmail.com,Jack Harris,12,333.84,27.82,297,0,3,bronze,false,0.36,3,1726054731,UK
CUST-300441,emma.brown93@gmail.com,Emma Brown,53,5781.77,109.09,33,9,1,gold,true,0.27,3,1748777931,DE
CUST-300442,isabella.thompson@outlook.com,Isabella Thompson,45,6288.75,139.75,0,12,0,gold,true,0.24,2,1728992331,AU
CUST-300443,ariamoore@yahoo.com,Aria Moore,95,44158.85,464.83,18,11,3,platinum,true,0.09,6,1726313931,CA
CUST-300444,graceharris@yahoo.com,Grace Harris,3,117.21,39.07,326,1,1,bronze,true,0.77,1,1746445131,CA
CUST-300445,william_garcia54@yahoo.com,William Garcia,24,2046.72,85.28,195,0,6,silver,false,0.34,1,1736249931,AU
CUST-300446,henryscott@aol.com,Henry Scott,47,6901.95,146.85,35,7,0,platinum,true,0.23,5,1724672331,CA
CUST-300447,evelynbrown@protonmail.com,Evelyn Brown,26,1204.58,46.33,251,0,4,silver,false,0.41,2,1712576331,DE
CUST-300448,william.harris@gmail.com,William Harris,80,6438.4,80.48,34,4,1,gold,true,0.3,5,1730461131,UK
CUST-300449,isaac_martin@aol.com,Isaac Martin,164,47591.97,395.41,13,22,3,platinum,true,0.1,5,1688557131,CA
CUST-300450,lily.thomas@hotmail.com,Lily Thomas,70,6024.2,86.06,14,12,0,gold,true,0.3,5,1712144331,DE
CUST-300451,abigail_lopez37@gmail.com,Abigail Lopez,163,43642.26,400.9,23,11,3,platinum,true,0.16,4,1688125131,CA
CUST-300452,daniel_perez86@outlook.com,Daniel Perez,3,113.73,37.91,94,0,1,bronze,true,0.44,1,1762083531,CA
CUST-300453,grace_martinez55@protonmail.com,Grace Martinez,36,3928.32,109.12,32,11,0,platinum,true,0.22,2,1714390731,UK
CUST-300454,lilynguyen@fastmail.com,Lily Nguyen,2,147.34,73.67,150,0,1,bronze,true,0.42,1,1765107531,US
CUST-300455,mia_flores@gmail.com,Mia Flores,37,3145.37,85.01,180,0,5,bronze,false,0.27,4,1705059531,DE
CUST-300456,samuel_torres@protonmail.com,Samuel Torres,64,2197.76,34.34,4,11,3,silver,true,0.86,5,1745321931,US
CUST-300457,isabella_sanchez@outlook.com,Isabella Sanchez,55,1502.05,27.31,35,6,6,gold,true,0.72,4,1746013131,US
CUST-300458,scarlett.taylor@yahoo.com,Scarlett Taylor,66,3228.06,48.91,12,9,7,silver,true,0.99,2,1764416331,UK
CUST-300459,sophia.walker@fastmail.com,Sophia Walker,3,87.27,29.09,316,0,0,bronze,true,0.73,1,1770118731,AU
CUST-300460,dylanclark@yahoo.com,Dylan Clark,39,3775.59,96.81,1,3,1,gold,true,0.13,4,1752147531,CA
CUST-300461,isaac.hernandez26@aol.com,Isaac Hernandez,54,2381.94,44.11,14,14,9,gold,true,0.88,3,1729251531,US
CUST-300462,jamesmoore79@aol.com,James Moore,1,63.41,63.41,271,1,1,bronze,false,0.38,1,1765971531,AU
CUST-300463,isabellaclark@hotmail.com,Isabella Clark,1,23.17,23.17,49,1,0,bronze,true,0.55,1,1769513931,AU
CUST-300464,ethanscott74@fastmail.com,Ethan Scott,94,17334.54,184.41,7,8,2,gold,true,0.2,5,1741174731,DE
CUST-300465,daniel_wilson@fastmail.com,Daniel Wilson,16,654.88,40.93,296,0,3,bronze,false,0.58,2,1715168331,DE
CUST-300466,daniel.young@outlook.com,Daniel Young,51,9164.7,179.7,15,6,1,platinum,true,0.14,3,1723376331,CA
CUST-300467,aiden_robinson@yahoo.com,Aiden Robinson,142,38462.82,370.62,24,29,3,platinum,true,0.06,6,1713181131,CA
CUST-300468,benjaminlewis@yahoo.com,Benjamin Lewis,25,1206,48.24,3,10,9,silver,true,0.91,5,1766057931,AU
CUST-300469,christianking@icloud.com,Christian King,37,4406.33,119.09,361,0,2,silver,false,0.58,1,1724326731,DE
CUST-300470,charlotte_scott@icloud.com,Charlotte Scott,1,49.66,49.66,60,1,1,bronze,false,0.43,1,1767008331,CA
CUST-300471,elijah_jackson@fastmail.com,Elijah Jackson,153,36663.26,463.56,20,25,2,platinum,true,0.05,4,1677065931,CA
CUST-300472,caleb_anderson@gmail.com,Caleb Anderson,2,99.18,49.59,316,0,1,bronze,true,0.34,1,1761651531,CA
CUST-300473,william.taylor@gmail.com,William Taylor,16,869.92,54.37,234,0,1,bronze,false,0.59,1,1756035531,AU
CUST-300474,sebastiantorres@icloud.com,Sebastian Torres,36,744.48,20.68,46,9,8,silver,true,0.84,2,1741433931,UK
CUST-300475,elizabeth_hernandez85@aol.com,Elizabeth Hernandez,10,251.8,25.18,205,0,5,silver,false,0.33,2,1749814731,DE
CUST-300476,jackson_anderson13@gmail.com,Jackson Anderson,61,8509.5,139.5,28,11,0,gold,true,0.27,3,1745840331,US
CUST-300477,matthew.allen@hotmail.com,Matthew Allen,50,1687.5,33.75,16,3,4,silver,true,0.61,5,1752925131,US
CUST-300478,nathan_brown1@yahoo.com,Nathan Brown,3,239.28,79.76,113,1,0,bronze,false,0.72,1,1760355531,AU
CUST-300479,mia_thompson@outlook.com,Mia Thompson,100,35589,355.89,6,24,1,platinum,true,0,5,1737632331,UK
CUST-300480,hannah.robinson@gmail.com,Hannah Robinson,145,34387.69,449.55,3,20,2,platinum,true,0.19,5,1688038731,DE
CUST-300481,olivia.perez31@aol.com,Olivia Perez,97,11188.95,115.35,4,10,1,platinum,true,0.4,4,1735213131,UK
CUST-300482,harper.thompson78@outlook.com,Harper Thompson,1,35.1,35.1,207,0,0,bronze,false,0.37,1,1753184331,US
CUST-300483,ameliamoore@outlook.com,Amelia Moore,3,46.77,15.59,363,1,0,bronze,false,0.44,1,1767526731,AU
CUST-300484,lucasrodriguez@outlook.com,Lucas Rodriguez,89,4769.51,53.59,42,8,1,platinum,true,0.28,5,1747481931,AU
CUST-300485,elijah.ramirez@aol.com,Elijah Ramirez,2,113.42,56.71,227,1,0,bronze,false,0.69,1,1768563531,CA
CUST-300486,williamramirez24@gmail.com,William Ramirez,1,75.78,75.78,336,0,1,bronze,true,0.46,1,1760701131,UK
CUST-300487,charlottethomas@fastmail.com,Charlotte Thomas,152,23376.08,153.79,3,8,1,platinum,true,0.19,6,1703677131,AU
CUST-300488,calebbrown@gmail.com,Caleb Brown,34,4515.54,132.81,273,0,2,silver,false,0.25,4,1740310731,DE
CUST-300489,noahjones@fastmail.com,Noah Jones,23,4392.31,190.97,3,11,1,gold,true,0.38,4,1750160331,US
CUST-300490,amelia_williams@gmail.com,Amelia Williams,1,48.35,48.35,182,0,0,bronze,false,0.48,1,1750592331,DE
CUST-300491,jacksonramirez1@hotmail.com,Jackson Ramirez,114,35775.48,313.82,5,30,1,platinum,true,0.01,5,1724845131,CA
CUST-300492,jamesthomas@aol.com,James Thomas,63,11389.77,180.79,29,8,3,platinum,true,0.18,6,1699616331,DE
CUST-300493,elizabeth_nguyen@outlook.com,Elizabeth Nguyen,15,1317.9,87.86,168,0,3,bronze,false,0.48,2,1726400331,CA
CUST-300494,isaacbrown64@yahoo.com,Isaac Brown,2,101.28,50.64,293,0,1,bronze,true,0.59,1,1770377931,US
CUST-300495,chloehernandez@icloud.com,Chloe Hernandez,1,76,76,157,0,1,bronze,false,0.35,1,1746617931,CA
CUST-300496,owen.white@protonmail.com,Owen White,143,49390.95,445.65,30,20,0,platinum,true,0.11,5,1698233931,DE
CUST-300497,noahallen95@hotmail.com,Noah Allen,68,6175.76,90.82,30,4,0,platinum,true,0.19,4,1725536331,CA
CUST-300498,sebastian_torres2@icloud.com,Sebastian Torres,37,6663.33,180.09,3,3,2,platinum,true,0.15,2,1737718731,US
CUST-300499,daniel_clark67@fastmail.com,Daniel Clark,48,1828.32,38.09,14,8,3,gold,true,0.73,6,1755430731,UK