account_id,holder_name,email,account_type,balance,monthly_transactions,avg_transaction_size,direct_deposits,recurring_payments,overdraft_count_12m,customer_since_days,mobile_logins_30d,support_calls_12m,fraud_flags,credit_score
FIN-400000,Daniel Clark,daniel_clark@fastmail.com,savings,898,34,198.05,0,3,1,13,17,4,0,587
FIN-400001,Sophia Lee,sophia.lee@fastmail.com,savings,249708,70,655.65,1,5,0,1255,27,0,0,753
FIN-400002,Abigail Robinson,abigail_robinson7@outlook.com,business,32040,102,829.35,1,15,2,299,89,8,2,681
FIN-400003,Charlotte Jackson,charlottejackson76@yahoo.com,checking,646,192,48.99,1,7,7,722,95,11,0,516
FIN-400004,William Harris,williamharris@aol.com,checking,78528,134,1047.22,1,14,0,648,63,2,2,791
FIN-400005,Caleb Garcia,caleb_garcia@aol.com,checking,1385,172,39.77,1,5,7,665,86,10,0,504
FIN-400006,Aria Thomas,aria_thomas51@hotmail.com,business,80032,13,2941.81,1,8,0,1465,41,4,0,790
FIN-400007,Nathan Perez,nathanperez@outlook.com,checking,396,159,58.92,1,5,5,377,56,15,1,517
FIN-400008,Mia Hill,miahill@outlook.com,checking,336,180,65.84,1,9,4,173,73,8,0,563
FIN-400009,Sofia Ramirez,sofia.ramirez@hotmail.com,checking,1402,139,48.7,1,4,4,204,72,12,0,547
FIN-400010,Isaac Martinez,isaac.martinez@icloud.com,business,89734,106,1551.55,1,9,1,501,57,2,1,765
FIN-400011,Samuel Allen,samuel.allen19@yahoo.com,checking,191,168,33.55,1,8,8,760,81,9,0,612
FIN-400012,Charlotte Sanchez,charlotte_sanchez@gmail.com,business,396848,30,1268.7,1,12,0,1666,42,3,0,777
FIN-400013,Henry Miller,henrymiller86@yahoo.com,savings,2879,0,152.22,0,1,0,1121,2,2,0,729
FIN-400014,Harper Lopez,harper.lopez77@aol.com,business,68282,107,464.88,1,11,0,834,85,9,0,773
FIN-400015,Elizabeth Harris,elizabeth_harris18@protonmail.com,checking,663,16,231.22,1,0,2,78,5,4,0,685
FIN-400016,Leo Gonzalez,leo_gonzalez@icloud.com,business,97677,105,174.6,1,10,1,1037,96,8,1,742
FIN-400017,Lucas Taylor,lucas.taylor90@aol.com,checking,1291,67,76.23,1,10,4,350,46,9,1,549
FIN-400018,William Rodriguez,william_rodriguez@hotmail.com,investment,158514,70,3462.48,1,6,0,985,44,2,0,757
FIN-400019,Jack Walker,jack.walker@outlook.com,investment,2632,32,330.33,1,4,1,30,11,4,0,654
FIN-400020,Olivia Clark,oliviaclark28@hotmail.com,savings,405316,70,1799.45,1,12,0,822,37,3,0,840
FIN-400021,Sebastian Lopez,sebastianlopez28@outlook.com,savings,543,0,28.96,0,1,0,851,0,2,0,626
FIN-400022,Ryan Perez,ryanperez@gmail.com,checking,53114,96,753.89,1,10,3,1145,66,2,2,783
FIN-400023,Elijah Taylor,elijahtaylor@aol.com,savings,164,3,12.21,0,0,1,416,0,1,0,661
FIN-400024,Victoria Wright,victoria.wright@icloud.com,checking,2102,3,101.6,0,1,1,1388,1,1,0,624
FIN-400025,Caleb Jackson,caleb.jackson3@icloud.com,checking,190,164,57.68,1,3,2,155,23,10,1,631
FIN-400026,Ava Robinson,avarobinson@outlook.com,savings,413701,53,2861.85,1,6,0,1041,40,0,0,849
FIN-400027,William Hernandez,william_hernandez@fastmail.com,investment,354277,24,1565.36,1,3,0,1974,22,4,0,760
FIN-400028,Sebastian Brown,sebastianbrown@icloud.com,investment,3248,31,448.6,0,4,2,16,29,3,0,597
FIN-400029,Harper Lopez,harper_lopez@aol.com,savings,69328,58,4440.17,1,13,0,1574,48,2,0,781
FIN-400030,Emily Lopez,emilylopez@gmail.com,savings,485646,20,1659.61,1,11,0,892,22,0,0,838
FIN-400031,Dylan Davis,dylan_davis@icloud.com,checking,3318,2,102.72,0,1,0,506,0,2,0,660
FIN-400032,Isaac Smith,isaacsmith@fastmail.com,savings,3800,3,131.46,0,0,0,622,3,0,0,637
FIN-400033,Emily Brown,emily_brown@aol.com,business,39147,126,428.7,1,8,2,781,79,7,0,768
FIN-400034,James Robinson,jamesrobinson@protonmail.com,checking,803,173,63.38,1,6,4,736,31,6,1,643
FIN-400035,Elizabeth Hill,elizabeth.hill@protonmail.com,checking,7840,30,166.48,1,3,1,75,31,4,0,623
FIN-400036,Ava Allen,ava_allen@outlook.com,business,42378,96,1893.73,1,8,3,882,38,9,2,785
FIN-400037,Aria Gonzalez,aria.gonzalez@outlook.com,business,307402,28,402.57,1,13,0,1255,53,2,0,764
FIN-400038,Nathan King,nathan.king@fastmail.com,checking,1625,2,95.65,0,0,1,1013,0,2,0,695
FIN-400039,Alexander Moore,alexandermoore@outlook.com,checking,80540,190,1965.09,1,12,0,910,43,7,1,720
FIN-400040,Alexander Young,alexanderyoung@aol.com,investment,458788,58,1421.76,1,7,0,1646,35,4,0,837
FIN-400041,Liam Thomas,liam.thomas81@icloud.com,checking,292,0,26.61,0,0,1,1461,1,2,0,678
FIN-400042,Scarlett Hernandez,scarlett.hernandez@hotmail.com,checking,9673,30,152.92,0,4,2,67,32,2,0,766
FIN-400043,Sophia Hill,sophia.hill46@outlook.com,savings,1807,37,188.37,0,1,0,90,33,2,0,595
FIN-400044,Isaac Flores,isaac.flores@gmail.com,savings,369202,45,3040.01,1,8,0,828,48,5,0,815
FIN-400045,Aria Thomas,aria.thomas88@fastmail.com,savings,3877,5,64.23,0,1,1,742,1,1,0,626
FIN-400046,Sophia Miller,sophiamiller@hotmail.com,savings,95859,48,558.47,1,10,0,787,36,4,0,760
FIN-400047,Benjamin Brown,benjaminbrown@gmail.com,checking,1356,100,28.72,1,3,2,752,82,8,1,667
FIN-400048,Alexander Jackson,alexanderjackson65@gmail.com,checking,58128,92,1217.69,1,13,2,979,50,5,0,709
FIN-400049,Ava Garcia,ava_garcia@icloud.com,savings,3158,1,183.75,0,1,0,593,3,1,0,665
FIN-400050,Emma Robinson,emma.robinson@hotmail.com,business,448783,58,465.29,1,7,0,821,24,3,0,783
FIN-400051,Matthew Williams,matthewwilliams49@outlook.com,business,53612,86,1577.8,1,11,0,662,94,1,2,693
FIN-400052,Owen Harris,owenharris@protonmail.com,checking,298,87,74.11,1,6,10,673,80,6,1,655
FIN-400053,Elizabeth Clark,elizabeth_clark@fastmail.com,checking,64169,184,940.69,1,12,2,766,64,7,2,686
FIN-400054,Owen Young,owen_young@hotmail.com,savings,1042,1,142.93,0,1,1,952,2,0,0,722
FIN-400055,Victoria Hill,victoria.hill@fastmail.com,checking,1908,182,69.28,1,7,6,360,24,5,1,632
FIN-400056,Riley Jackson,rileyjackson@yahoo.com,business,5327,28,142.13,1,3,2,66,19,0,0,729
FIN-400057,Noah Wright,noah.wright55@protonmail.com,business,326964,43,1304.55,1,7,0,1967,15,3,0,791
FIN-400058,Emily Jackson,emily.jackson@yahoo.com,checking,84077,187,1039.48,1,15,3,250,87,10,1,702
FIN-400059,Ava Miller,ava_miller@outlook.com,business,8607,17,351.52,1,0,2,51,21,5,0,690
FIN-400060,Lucas Gonzalez,lucas.gonzalez@gmail.com,checking,82092,200,1307.34,1,11,0,693,94,4,0,771
FIN-400061,Amelia Walker,amelia_walker@icloud.com,business,7963,39,183.62,1,4,0,18,5,1,0,723
FIN-400062,Aria Robinson,aria_robinson@outlook.com,checking,1977,4,81.91,0,2,1,1114,3,0,0,747
FIN-400063,Grace Jackson,grace.jackson10@fastmail.com,checking,6627,21,324.68,0,0,0,50,11,3,0,717
FIN-400064,Lucas Young,lucas.young15@fastmail.com,business,82860,198,711.84,1,9,3,929,59,8,2,754
FIN-400065,Abigail Torres,abigail.torres@yahoo.com,savings,3956,4,177.46,0,1,0,1004,2,1,0,656
FIN-400066,Isaac Martin,isaac_martin83@outlook.com,checking,1073,39,121.84,0,4,0,13,27,5,0,770
FIN-400067,Mia Johnson,mia.johnson18@protonmail.com,business,35652,133,499.88,1,5,1,1033,64,5,2,782
FIN-400068,Dylan Clark,dylanclark50@protonmail.com,savings,442230,17,3151.72,1,13,0,943,37,2,0,774
FIN-400069,Ethan Jackson,ethan_jackson16@yahoo.com,checking,1814,23,340.45,1,0,2,26,27,4,0,583
FIN-400070,Benjamin Nguyen,benjamin.nguyen@protonmail.com,savings,5386,15,99.25,1,3,2,23,33,1,0,780
FIN-400071,Charlotte Martin,charlottemartin@aol.com,checking,1358,93,8.83,1,7,5,154,69,4,0,666
FIN-400072,Amelia Rodriguez,amelia.rodriguez@outlook.com,business,49588,87,118.41,1,13,1,914,45,10,2,785
FIN-400073,Aria Wilson,ariawilson@yahoo.com,checking,887,198,5.44,1,5,8,269,31,2,1,578
FIN-400074,Benjamin Lewis,benjamin.lewis95@yahoo.com,business,46749,188,969.53,1,8,0,634,67,10,2,743
FIN-400075,Lily Rodriguez,lilyrodriguez@yahoo.com,investment,124221,77,3859.94,1,14,0,742,16,3,0,781
FIN-400076,Grace Lee,grace_lee11@protonmail.com,savings,66,4,151.46,0,2,1,622,0,2,0,615
FIN-400077,Caleb Hernandez,caleb.hernandez@outlook.com,business,314264,34,1760.78,1,10,0,1243,20,0,0,794
FIN-400078,Elijah Gonzalez,elijah_gonzalez@hotmail.com,investment,976,11,479.69,1,5,1,9,24,0,0,748
FIN-400079,Nathan Martinez,nathan.martinez@hotmail.com,savings,322,22,190.13,0,4,0,70,13,5,0,643
FIN-400080,Lucas Flores,lucas.flores@protonmail.com,checking,1706,108,22.47,1,3,9,720,51,6,1,670
FIN-400081,Mia Hill,mia_hill@aol.com,savings,79338,58,1091.73,1,13,0,1594,59,0,0,849
FIN-400082,Isaac Davis,isaac.davis38@hotmail.com,checking,1282,2,36.35,0,2,0,821,3,0,0,735
FIN-400083,Alexander Martinez,alexander.martinez5@outlook.com,checking,996,5,298.17,0,2,1,30,30,4,0,736
FIN-400084,Liam Anderson,liamanderson14@fastmail.com,investment,288824,63,4760.37,1,12,0,561,27,3,0,783
FIN-400085,Jack Scott,jackscott26@outlook.com,savings,4558,3,20.09,0,2,0,1259,1,0,0,625
FIN-400086,Jackson Jones,jackson.jones@yahoo.com,business,18623,136,563.75,1,11,3,750,32,8,1,697
FIN-400087,Scarlett Jones,scarlett_jones91@protonmail.com,savings,100874,24,1667.6,1,11,0,1344,14,1,0,848
FIN-400088,Hannah Sanchez,hannah.sanchez@aol.com,business,3307,16,381.29,1,2,1,22,15,0,0,667
FIN-400089,Olivia White,olivia_white50@protonmail.com,checking,24853,153,625.96,1,15,2,337,46,2,1,690
FIN-400090,Aria Taylor,ariataylor42@outlook.com,checking,617,1,20.03,0,1,1,857,3,2,0,732
FIN-400091,Daniel Brown,daniel_brown@outlook.com,savings,405152,15,2416.61,1,11,0,579,49,2,0,829
FIN-400092,Alexander Clark,alexander_clark@aol.com,business,75074,57,4767.1,1,6,0,1541,34,3,0,826
FIN-400093,Ryan Sanchez,ryansanchez@aol.com,business,73174,176,1792.71,1,8,0,548,82,9,0,714
FIN-400094,Avery Martinez,averymartinez32@yahoo.com,checking,2888,4,110.2,0,0,0,1239,0,1,0,638
FIN-400095,Owen Martinez,owen_martinez@outlook.com,checking,1324,102,50.61,1,6,6,555,26,11,0,616
FIN-400096,Ella Anderson,ella_anderson@hotmail.com,business,432692,12,831.04,1,7,0,1326,42,3,0,820
FIN-400097,Abigail Taylor,abigail.taylor@icloud.com,business,96448,171,79.83,1,11,2,758,31,3,1,749
FIN-400098,Avery Anderson,avery_anderson@protonmail.com,savings,1745,4,55.5,0,2,1,713,2,0,0,711
FIN-400099,Abigail Ramirez,abigail_ramirez19@icloud.com,checking,1965,73,41.01,1,7,6,324,31,3,0,651
FIN-400100,Ava Hill,ava_hill@aol.com,checking,1954,21,32.48,0,5,1,43,11,2,0,697
FIN-400101,Elizabeth Wilson,elizabethwilson42@hotmail.com,checking,16439,190,1960.09,1,11,3,470,35,1,2,781
FIN-400102,Owen Clark,owen_clark@fastmail.com,checking,79638,134,450.44,1,12,1,899,54,5,1,729
FIN-400103,Amelia Brown,amelia.brown89@fastmail.com,checking,523,40,44.48,1,3,2,267,99,10,1,666
FIN-400104,Liam Lee,liam.lee41@hotmail.com,checking,1158,44,73.25,1,3,4,458,64,15,0,531
FIN-400105,Benjamin Moore,benjaminmoore25@hotmail.com,savings,1318,0,116.09,0,0,0,632,0,1,0,607
FIN-400106,Sofia Gonzalez,sofia.gonzalez@fastmail.com,business,7976,33,361.05,0,1,2,11,21,0,0,586
FIN-400107,Lily Taylor,lily_taylor@hotmail.com,business,76310,82,1488.94,1,8,2,1005,75,2,2,721
FIN-400108,Ryan Perez,ryanperez@aol.com,savings,3084,20,445.81,1,5,2,14,6,2,0,699
FIN-400109,Ethan Martinez,ethan.martinez@outlook.com,business,73169,187,1059.59,1,15,3,850,66,1,0,709
FIN-400110,Isabella Lee,isabella_lee@outlook.com,business,2041,27,34.7,0,5,1,63,34,4,0,750
FIN-400111,Charlotte Johnson,charlottejohnson44@fastmail.com,investment,54866,41,3496.57,1,13,0,1096,11,1,0,794
FIN-400112,Olivia Johnson,olivia.johnson@protonmail.com,checking,27826,117,461.27,1,9,2,270,92,3,0,684
FIN-400113,Mia Thompson,miathompson69@aol.com,checking,477,163,59.73,1,6,4,369,62,5,0,575
FIN-400114,Ethan Jones,ethan_jones56@gmail.com,checking,1017,78,45.71,1,7,9,653,22,13,0,666
FIN-400115,Caleb Thomas,caleb.thomas@aol.com,savings,3180,2,187.23,0,0,1,378,1,0,0,653
FIN-400116,Daniel Torres,daniel.torres@outlook.com,checking,234,79,31.24,1,10,2,499,47,3,0,581
FIN-400117,Daniel Miller,danielmiller@yahoo.com,business,60409,118,252.61,1,6,0,546,76,10,0,697
FIN-400118,Harper Flores,harper_flores@protonmail.com,investment,355540,64,4513.73,1,4,0,620,21,3,0,758
FIN-400119,Jackson Lee,jacksonlee72@fastmail.com,business,77802,57,1001.36,1,10,0,1022,12,3,0,796
FIN-400120,Matthew Martinez,matthew.martinez90@protonmail.com,savings,1104,4,159.04,0,2,0,547,3,1,0,700
FIN-400121,Matthew Scott,matthew.scott10@outlook.com,checking,688,82,21.26,1,5,2,442,46,10,0,524
FIN-400122,Noah Davis,noah_davis@hotmail.com,checking,776,60,50.77,1,5,2,531,55,10,0,539
FIN-400123,Matthew Lee,matthew.lee17@aol.com,savings,7048,17,394.35,0,0,2,59,19,2,0,746
FIN-400124,Matthew Thompson,matthew_thompson@protonmail.com,checking,723,1,95.18,0,0,0,1311,0,2,0,616
FIN-400125,Christian Wright,christianwright80@aol.com,checking,1693,42,38.91,1,9,10,390,76,3,0,672
FIN-400126,Jackson Robinson,jacksonrobinson@hotmail.com,checking,696,1,56.07,0,2,1,1169,1,0,0,714
FIN-400127,Charlotte Anderson,charlotte.anderson@fastmail.com,checking,1355,187,24.56,1,6,2,298,60,14,0,550
FIN-400128,Victoria Lopez,victorialopez75@protonmail.com,checking,61508,176,754.03,1,11,1,843,42,6,0,731
FIN-400129,Sebastian Gonzalez,sebastiangonzalez@fastmail.com,savings,134805,47,1193.3,1,4,0,1554,53,5,0,824
FIN-400130,Charlotte Flores,charlotte.flores@protonmail.com,savings,3661,19,217.66,0,5,0,17,35,4,0,598
FIN-400131,Elijah Scott,elijah.scott@icloud.com,checking,300,151,18.92,1,3,7,239,62,10,1,530
FIN-400132,Riley Hernandez,riley.hernandez71@gmail.com,savings,454883,80,495.56,1,14,0,691,41,3,0,763
FIN-400133,Daniel Thompson,daniel_thompson@gmail.com,business,433393,62,2806.01,1,10,0,929,41,0,0,751
FIN-400134,Liam Ramirez,liamramirez@outlook.com,checking,769,2,107.43,0,2,1,386,2,2,0,606
FIN-400135,Aria Hernandez,aria.hernandez54@hotmail.com,savings,260324,61,4011.98,1,10,0,852,59,0,0,768
FIN-400136,Amelia Martinez,amelia_martinez@yahoo.com,business,3363,19,310.93,0,3,2,68,19,2,0,624
FIN-400137,Benjamin King,benjamin.king34@aol.com,savings,411497,62,2239.74,1,13,0,1741,12,0,0,821
FIN-400138,Aria Clark,aria_clark@hotmail.com,checking,1418,115,75.96,1,9,7,465,61,15,0,610
FIN-400139,Emma Garcia,emma.garcia@gmail.com,investment,388575,72,2296.95,1,6,0,1698,43,0,0,801
FIN-400140,Noah King,noahking43@fastmail.com,business,8055,15,394.18,1,4,2,28,8,1,0,637
FIN-400141,Liam Sanchez,liam_sanchez96@gmail.com,checking,1055,105,63.08,1,3,4,373,79,14,0,657
FIN-400142,Ella Torres,ella_torres@fastmail.com,savings,7244,27,292.21,1,5,1,57,16,5,0,762
FIN-400143,Victoria Walker,victoria.walker@hotmail.com,checking,6631,27,302.31,1,1,2,82,35,5,0,675
FIN-400144,Olivia Lee,olivialee@hotmail.com,savings,185283,15,924.93,1,4,0,899,53,2,0,779
FIN-400145,Ava Clark,avaclark@outlook.com,checking,1490,192,14.41,1,5,3,713,51,12,0,639
FIN-400146,William Thomas,william_thomas@hotmail.com,business,48471,126,361.49,1,15,1,319,60,6,0,700
FIN-400147,Aiden Brown,aiden.brown@icloud.com,business,90740,161,1163.2,1,5,3,447,77,3,2,697
FIN-400148,Amelia Garcia,ameliagarcia@yahoo.com,checking,975,4,32.6,0,1,1,927,1,0,0,689
FIN-400149,Olivia Lewis,olivia.lewis32@icloud.com,business,13879,190,66.99,1,11,3,576,44,7,1,800
FIN-400150,Elijah Nguyen,elijahnguyen86@fastmail.com,checking,2380,0,125.49,0,1,0,880,2,1,0,690
FIN-400151,Ryan Flores,ryanflores@protonmail.com,investment,307630,61,1086.04,1,3,0,1602,17,4,0,820
FIN-400152,Noah Hernandez,noahhernandez35@fastmail.com,checking,75,179,58.11,1,10,6,122,20,4,1,525
FIN-400153,Sophia Young,sophia_young16@outlook.com,investment,415,15,160.53,1,2,1,47,22,4,0,602
FIN-400154,Dylan Wilson,dylan_wilson@aol.com,checking,487,168,17.04,1,7,8,623,20,12,1,644
FIN-400155,Emma Robinson,emmarobinson@protonmail.com,checking,2581,12,446.34,0,3,0,51,39,1,0,740
FIN-400156,Alexander Hill,alexander.hill@outlook.com,investment,259344,34,2889,1,13,0,1769,18,2,0,846
FIN-400157,Nathan King,nathan_king@fastmail.com,checking,1134,101,21.08,1,8,8,711,21,7,0,575
FIN-400158,Sofia Sanchez,sofia_sanchez93@yahoo.com,investment,6796,27,121.33,1,2,1,2,19,1,0,599
FIN-400159,Leo Davis,leo.davis28@outlook.com,business,319672,68,3862.52,1,6,0,829,47,0,0,767
FIN-400160,Grace Walker,grace.walker@fastmail.com,checking,1811,180,32.61,1,9,2,489,66,14,0,540
FIN-400161,Christian Martinez,christian.martinez@yahoo.com,savings,3347,2,100.91,0,1,1,356,0,0,0,707
FIN-400162,Jackson Sanchez,jackson_sanchez95@fastmail.com,checking,64759,104,351.42,1,15,1,237,35,8,2,796
FIN-400163,Christian Allen,christian.allen28@gmail.com,checking,1590,3,46.81,0,0,0,933,2,2,0,646
FIN-400164,Abigail Davis,abigaildavis45@yahoo.com,savings,7296,20,118.87,1,1,2,41,22,5,0,756
FIN-400165,Owen Jones,owenjones42@outlook.com,checking,1158,65,79.53,1,10,3,560,85,2,1,534
FIN-400166,Abigail Hernandez,abigailhernandez21@icloud.com,checking,3578,3,92.79,0,1,0,750,1,1,0,682
FIN-400167,Emma Miller,emma.miller@gmail.com,checking,65124,87,1900.73,1,15,2,743,74,4,0,706
FIN-400168,Abigail Gonzalez,abigail.gonzalez27@aol.com,checking,4058,0,158.62,0,1,1,805,3,1,0,674
FIN-400169,Emma Rodriguez,emmarodriguez54@fastmail.com,investment,6276,37,29.75,0,4,0,77,23,3,0,701
FIN-400170,Alexander Flores,alexander_flores@hotmail.com,checking,617,173,54.3,1,5,2,726,37,7,1,609
FIN-400171,Benjamin Thomas,benjaminthomas51@gmail.com,business,208294,32,3320.94,1,6,0,1529,51,4,0,786
FIN-400172,Noah Garcia,noah_garcia@gmail.com,checking,366,159,20.32,1,6,7,465,76,6,0,663
FIN-400173,Ella Hill,ellahill5@icloud.com,savings,453871,18,1113.6,1,13,0,1527,10,3,0,787
FIN-400174,Christian Ramirez,christian_ramirez@hotmail.com,business,22053,184,1123.11,1,7,0,1071,83,6,2,793
FIN-400175,Dylan Young,dylan.young@outlook.com,checking,2046,3,12.9,0,0,0,741,3,0,0,641
FIN-400176,Caleb Anderson,caleb.anderson@aol.com,business,59498,21,770.31,1,3,0,1954,21,1,0,818
FIN-400177,Evelyn Lee,evelyn.lee@hotmail.com,savings,2358,5,71.5,0,2,1,927,1,2,0,630
FIN-400178,Lucas Williams,lucas_williams33@yahoo.com,savings,8372,23,195.71,0,1,0,24,9,4,0,656
FIN-400179,Charlotte Jones,charlotte_jones52@outlook.com,checking,949,81,34.75,1,4,8,184,66,10,0,559
FIN-400180,Emma Jones,emma.jones@fastmail.com,checking,84643,96,380.37,1,9,2,403,33,6,1,742
FIN-400181,Sophia Johnson,sophia_johnson42@outlook.com,checking,785,151,76.16,1,7,10,396,91,15,1,617
FIN-400182,Matthew Harris,matthew.harris@fastmail.com,savings,7509,39,73.29,1,1,1,46,22,1,0,597
FIN-400183,Ryan Nguyen,ryan_nguyen@yahoo.com,investment,166270,55,3719.08,1,10,0,747,51,2,0,773
FIN-400184,Emily Sanchez,emilysanchez@icloud.com,business,38974,143,507.96,1,5,0,1030,75,6,0,777
FIN-400185,Ella Gonzalez,ella_gonzalez@hotmail.com,checking,88306,195,498.49,1,7,3,923,80,2,1,703
FIN-400186,Layla Harris,layla.harris51@protonmail.com,checking,1592,103,55.03,1,5,8,535,87,15,1,631
FIN-400187,Abigail Robinson,abigail_robinson@outlook.com,investment,5163,37,36.89,0,1,0,45,13,1,0,666
FIN-400188,Christian Anderson,christiananderson62@hotmail.com,checking,75904,86,648.21,1,14,1,764,36,9,0,768
FIN-400189,Isabella Thomas,isabella_thomas70@fastmail.com,checking,1504,53,71.81,1,9,6,382,57,13,1,565
FIN-400190,Isabella Martinez,isabella.martinez@outlook.com,savings,4938,35,347.3,0,2,0,17,19,5,0,740
FIN-400191,Emma Clark,emma.clark@yahoo.com,savings,228216,33,2500.79,1,7,0,1938,44,5,0,809
FIN-400192,Ella Davis,ella.davis@outlook.com,checking,9408,13,493.61,0,2,2,1,33,5,0,697
FIN-400193,Emily Davis,emily_davis@fastmail.com,checking,811,76,52.65,1,6,4,278,47,3,1,531
FIN-400194,Charlotte Moore,charlotte.moore37@protonmail.com,business,8267,8,316.86,0,5,0,76,33,1,0,622
FIN-400195,Amelia Lewis,amelia.lewis57@hotmail.com,savings,75241,56,3235.5,1,9,0,642,50,4,0,803
FIN-400196,Ryan Flores,ryanflores@hotmail.com,savings,3091,2,139.71,0,2,1,615,1,2,0,689
FIN-400197,Liam Sanchez,liam.sanchez@outlook.com,checking,4367,33,17.71,1,2,0,40,22,4,0,721
FIN-400198,Isabella Ramirez,isabella.ramirez@gmail.com,investment,198118,25,350.57,1,13,0,1918,13,5,0,803
FIN-400199,Daniel Walker,daniel.walker64@protonmail.com,savings,9716,37,495.74,1,4,2,83,29,3,0,601
FIN-400200,Abigail Lee,abigaillee7@hotmail.com,checking,9415,11,401.35,1,1,0,83,35,5,0,614
FIN-400201,Isabella Young,isabella_young54@gmail.com,business,4716,27,31.03,0,5,2,90,20,5,0,610
FIN-400202,William Garcia,williamgarcia@gmail.com,savings,8585,34,436.12,0,1,0,60,38,4,0,722
FIN-400203,Grace Perez,graceperez@outlook.com,checking,888,182,58.77,1,9,8,658,26,4,1,551
FIN-400204,Abigail Lee,abigaillee40@hotmail.com,business,33552,84,524.08,1,9,0,855,79,2,0,715
FIN-400205,Isabella Robinson,isabellarobinson33@fastmail.com,savings,93298,39,2403.41,1,9,0,1590,44,4,0,813
FIN-400206,Nathan Ramirez,nathan.ramirez@gmail.com,checking,826,84,60.05,1,5,2,600,48,8,0,562
FIN-400207,Dylan Smith,dylan.smith16@outlook.com,checking,1665,181,75.03,1,9,2,327,44,9,0,650
FIN-400208,Scarlett Thomas,scarlettthomas@fastmail.com,checking,4592,6,466.44,1,0,1,27,27,1,0,603
FIN-400209,Lily Jones,lilyjones@icloud.com,checking,1992,126,33.53,1,4,7,223,24,7,1,541
FIN-400210,Evelyn Torres,evelyn_torres@protonmail.com,savings,254850,29,1500.58,1,15,0,598,59,4,0,794
FIN-400211,Sebastian Moore,sebastianmoore30@icloud.com,business,8670,19,182.59,0,0,1,60,18,2,0,666
FIN-400212,Alexander Lee,alexander.lee@fastmail.com,checking,1392,1,65.26,0,1,1,307,3,0,0,739
FIN-400213,Layla Flores,layla.flores92@protonmail.com,savings,4879,5,106.52,0,0,1,1168,0,2,0,712
FIN-400214,Sofia Thompson,sofia.thompson@protonmail.com,investment,387974,58,2347.16,1,13,0,1585,53,1,0,843
FIN-400215,Aiden Martinez,aiden.martinez@outlook.com,savings,151379,69,3987.7,1,3,0,1261,12,0,0,848
FIN-400216,Jackson Nguyen,jackson_nguyen13@icloud.com,business,316312,27,3098.29,1,6,0,1383,58,5,0,781
FIN-400217,Victoria Nguyen,victorianguyen70@gmail.com,checking,446,136,26.35,1,4,9,620,88,10,1,526
FIN-400218,Jackson Davis,jacksondavis16@yahoo.com,checking,341,174,7.13,1,5,8,388,32,2,0,611
FIN-400219,Hannah Thomas,hannah_thomas38@yahoo.com,checking,949,53,27.43,1,9,7,464,28,11,0,680
FIN-400220,Liam Lewis,liam.lewis@fastmail.com,business,2518,11,19.49,0,3,2,47,23,4,0,612
FIN-400221,Elijah Allen,elijah_allen69@icloud.com,checking,75683,108,138.02,1,5,0,615,72,3,2,783
FIN-400222,Abigail Thomas,abigail_thomas13@fastmail.com,business,170655,49,4481.58,1,9,0,1480,57,5,0,829
FIN-400223,William Johnson,william.johnson@aol.com,checking,589,1,196.66,0,0,0,1160,1,0,0,628
FIN-400224,Jack Taylor,jacktaylor@yahoo.com,investment,414225,71,1796.79,1,6,0,1052,55,0,0,832
FIN-400225,Victoria White,victoriawhite@hotmail.com,business,21786,116,614.55,1,6,3,953,57,1,2,762
FIN-400226,Hannah Martinez,hannah.martinez65@outlook.com,business,8753,30,197.7,0,1,1,9,19,3,0,635
FIN-400227,Daniel Moore,daniel_moore@yahoo.com,business,48985,129,190.5,1,10,3,528,63,9,2,769
FIN-400228,Aiden Hernandez,aidenhernandez@gmail.com,business,5364,12,392.76,1,1,1,74,30,0,0,613
FIN-400229,Evelyn Johnson,evelyn.johnson44@fastmail.com,savings,230168,20,4997.15,1,4,0,617,41,2,0,822
FIN-400230,Aria Flores,aria_flores79@yahoo.com,investment,228165,50,3999.1,1,9,0,1238,40,2,0,755
FIN-400231,Owen Walker,owenwalker@aol.com,checking,1827,147,64.08,1,4,7,602,61,3,0,641
FIN-400232,James Jones,james_jones@outlook.com,checking,26253,163,1681.74,1,14,2,795,47,3,1,735
FIN-400233,Sebastian Davis,sebastian_davis@hotmail.com,checking,6956,20,23.74,0,4,1,55,22,4,0,604
FIN-400234,Charlotte Taylor,charlottetaylor@aol.com,investment,3019,20,282.35,0,2,0,11,20,4,0,583
FIN-400235,Samuel Allen,samuelallen@fastmail.com,savings,187097,28,895.04,1,7,0,1830,23,1,0,836
FIN-400236,William Jones,williamjones@outlook.com,checking,116,83,28.37,1,9,2,407,32,11,0,656
FIN-400237,Aiden Davis,aiden_davis@outlook.com,checking,31315,165,1147.12,1,15,3,850,32,5,1,787
FIN-400238,Henry Walker,henry_walker33@gmail.com,savings,1757,5,69.88,0,1,1,606,0,1,0,749
FIN-400239,Emma Ramirez,emma_ramirez@hotmail.com,checking,875,120,36.17,1,3,3,297,88,11,1,668
FIN-400240,Evelyn Thompson,evelyn.thompson@outlook.com,savings,3978,2,76.58,0,2,1,770,1,2,0,739
FIN-400241,Jack Allen,jackallen55@fastmail.com,investment,95761,74,1577.94,1,8,0,1356,43,1,0,777
FIN-400242,Chloe Young,chloe.young69@aol.com,business,80804,25,1345.36,1,14,0,1834,53,0,0,786
FIN-400243,Sebastian Johnson,sebastianjohnson@icloud.com,investment,8213,19,28.28,1,2,2,39,31,5,0,683
FIN-400244,Alexander Davis,alexander_davis91@icloud.com,investment,233365,30,2836.33,1,11,0,1927,46,2,0,791
FIN-400245,Evelyn Clark,evelyn_clark@protonmail.com,investment,357975,64,1690.51,1,13,0,1420,49,4,0,848
FIN-400246,Aria Hill,aria_hill@icloud.com,investment,385,33,70.45,0,3,2,82,11,2,0,657
FIN-400247,Noah Clark,noahclark@hotmail.com,checking,70129,181,1621.48,1,11,3,1171,93,10,0,757
FIN-400248,Jackson King,jacksonking@yahoo.com,savings,3911,6,417.87,1,1,0,39,10,0,0,592
FIN-400249,Nathan Sanchez,nathansanchez@gmail.com,business,72139,149,891.49,1,12,3,1167,97,7,0,784
FIN-400250,Christian Perez,christian_perez@fastmail.com,investment,137546,57,2611.43,1,5,0,868,54,0,0,793
FIN-400251,Henry Miller,henry_miller@fastmail.com,checking,1115,137,32.47,1,5,2,149,76,8,0,617
FIN-400252,Dylan Smith,dylan.smith@gmail.com,investment,483868,31,3577.56,1,7,0,1368,12,3,0,846
FIN-400253,Emma Taylor,emma.taylor@yahoo.com,checking,2279,4,192.19,0,1,0,767,3,1,0,738
FIN-400254,Riley Perez,riley_perez12@outlook.com,checking,257,65,22.5,1,5,3,646,66,15,0,653
FIN-400255,Sebastian Hernandez,sebastianhernandez@icloud.com,checking,22650,128,1310.57,1,14,3,267,94,4,2,705
FIN-400256,Charlotte Sanchez,charlottesanchez@hotmail.com,savings,4976,2,125.28,0,1,0,1171,2,2,0,638
FIN-400257,Sofia Ramirez,sofia.ramirez83@icloud.com,business,377344,47,4538.44,1,13,0,507,46,4,0,830
FIN-400258,Henry Martinez,henry.martinez@outlook.com,checking,4975,1,22.18,0,1,1,722,2,0,0,632
FIN-400259,Emily Jones,emilyjones8@hotmail.com,checking,512,45,74.64,1,6,5,513,42,6,0,578
FIN-400260,Scarlett Jackson,scarlettjackson81@protonmail.com,business,88817,196,347.73,1,8,1,772,57,2,1,734
FIN-400261,Sofia Taylor,sofia_taylor@aol.com,business,158796,43,4728.22,1,6,0,678,14,0,0,771
FIN-400262,Alexander Young,alexanderyoung12@gmail.com,checking,4003,4,38.44,0,0,1,1373,1,2,0,631
FIN-400263,Jackson Wilson,jacksonwilson@outlook.com,checking,1625,166,5.78,1,10,6,795,65,5,1,552
FIN-400264,Jack Rodriguez,jack.rodriguez@aol.com,checking,95286,138,331.94,1,8,1,499,72,4,0,764
FIN-400265,Daniel Anderson,daniel_anderson@outlook.com,checking,523,5,47.21,0,1,1,512,0,0,0,651
FIN-400266,Matthew Young,matthew_young@protonmail.com,checking,267,63,68.61,1,4,2,293,88,10,1,514
FIN-400267,Elijah Thomas,elijahthomas@protonmail.com,business,52695,193,1781.78,1,11,1,211,63,5,2,741
FIN-400268,Liam Garcia,liam.garcia82@aol.com,savings,228064,53,1746.84,1,14,0,685,60,3,0,807
FIN-400269,Abigail Jackson,abigailjackson@protonmail.com,checking,1298,184,70.12,1,9,2,257,75,5,1,599
FIN-400270,Olivia Hernandez,olivia_hernandez17@outlook.com,checking,2606,24,216.06,1,5,0,77,38,4,0,592
FIN-400271,Grace White,grace.white@protonmail.com,business,5265,11,440.86,1,4,2,81,36,2,0,661
FIN-400272,James Lopez,jameslopez@hotmail.com,checking,4678,35,85.66,1,3,1,21,17,0,0,744
FIN-400273,Jack Harris,jack.harris10@protonmail.com,checking,1472,170,73.5,1,7,3,543,74,7,0,672
FIN-400274,Aiden Moore,aiden_moore6@gmail.com,checking,937,58,24.69,1,5,7,128,29,8,0,567
FIN-400275,Scarlett Miller,scarlett_miller@hotmail.com,checking,4394,4,45.38,0,1,1,1090,0,2,0,674
FIN-400276,Ella Robinson,ellarobinson@gmail.com,checking,1378,109,28.89,1,8,4,404,28,13,0,548
FIN-400277,Sebastian King,sebastian_king@icloud.com,checking,1047,158,69.82,1,7,3,566,94,4,0,573
FIN-400278,Matthew Robinson,matthewrobinson36@yahoo.com,checking,454,5,83.47,0,0,0,945,2,2,0,707
FIN-400279,Emma Young,emma_young46@outlook.com,checking,132,3,174.09,0,0,1,1057,1,0,0,600
FIN-400280,Liam Miller,liam_miller81@gmail.com,checking,87654,89,1964.63,1,10,1,774,45,4,2,709
FIN-400281,Amelia Torres,ameliatorres@icloud.com,savings,2947,5,166.24,0,2,1,485,1,0,0,619
FIN-400282,Alexander Jones,alexanderjones34@yahoo.com,business,30188,117,276.6,1,13,0,350,52,6,0,795
FIN-400283,Emily Martin,emilymartin20@outlook.com,checking,238,136,64.39,1,5,8,346,44,10,0,620
FIN-400284,Jack Wright,jack.wright@fastmail.com,business,15167,152,755.17,1,14,0,906,40,4,0,683
FIN-400285,Olivia Robinson,olivia_robinson85@icloud.com,investment,232059,42,4158.25,1,10,0,1467,56,1,0,847
FIN-400286,Mia Davis,mia.davis@aol.com,checking,1957,68,56.77,1,3,8,309,51,6,1,556
FIN-400287,Matthew Johnson,matthew.johnson@protonmail.com,checking,37734,138,1618.46,1,5,2,447,58,7,2,708
FIN-400288,Leo Hernandez,leo_hernandez@icloud.com,savings,3742,5,21.04,0,2,1,1156,0,0,0,609
FIN-400289,Alexander White,alexanderwhite64@protonmail.com,business,191522,68,3107.08,1,13,0,1158,55,2,0,779
FIN-400290,Samuel Hill,samuelhill3@icloud.com,business,700,8,112.61,1,0,1,70,33,4,0,685
FIN-400291,Mia Wright,miawright@gmail.com,checking,2539,4,24.42,0,0,0,369,3,2,0,679
FIN-400292,Abigail Young,abigail_young@icloud.com,checking,48426,146,1292.57,1,9,1,530,80,5,2,785
FIN-400293,Owen Taylor,owen.taylor@hotmail.com,checking,907,151,32.88,1,4,6,690,31,8,1,613
FIN-400294,Victoria Wilson,victoriawilson@gmail.com,checking,65915,132,1858.57,1,5,2,829,99,9,1,702
FIN-400295,Abigail Clark,abigail.clark@aol.com,business,7405,36,269.33,0,5,2,74,24,5,0,774
FIN-400296,Grace Hernandez,grace.hernandez@icloud.com,checking,3487,2,92.71,0,0,0,731,0,0,0,685
FIN-400297,Christian White,christian_white@outlook.com,savings,200858,64,3274.87,1,11,0,1132,50,1,0,815
FIN-400298,Ethan Davis,ethandavis@protonmail.com,checking,2640,3,33.33,0,1,0,1090,2,1,0,647
FIN-400299,Matthew Sanchez,matthew.sanchez@yahoo.com,checking,719,142,71.62,1,8,3,104,41,11,1,619
FIN-400300,Benjamin Gonzalez,benjamingonzalez@gmail.com,savings,341201,13,3706.33,1,8,0,1127,45,1,0,762
FIN-400301,Sophia Hill,sophiahill5@icloud.com,checking,4744,25,484.52,0,0,2,53,39,2,0,710
FIN-400302,Ryan Anderson,ryan.anderson@yahoo.com,checking,537,194,38.72,1,3,3,137,41,6,1,504
FIN-400303,Isaac Sanchez,isaacsanchez@aol.com,business,265685,14,3081,1,6,0,1810,23,4,0,837
FIN-400304,Evelyn Clark,evelynclark52@icloud.com,business,68087,96,694.11,1,12,3,604,59,10,2,694
FIN-400305,Isabella Gonzalez,isabella_gonzalez@protonmail.com,business,125875,72,2056.05,1,7,0,1334,52,4,0,766
FIN-400306,Aria Clark,aria.clark52@outlook.com,savings,604,1,105.88,0,1,1,1285,1,1,0,703
FIN-400307,Aria Wilson,aria_wilson7@aol.com,business,469688,33,2860.08,1,4,0,1337,26,2,0,805
FIN-400308,Abigail Garcia,abigail_garcia72@outlook.com,checking,190,2,112.18,0,2,0,1016,0,2,0,623
FIN-400309,Isabella Allen,isabella.allen@protonmail.com,savings,289573,64,2228,1,11,0,526,50,0,0,847
FIN-400310,Elijah Harris,elijah.harris15@hotmail.com,checking,5082,20,449.94,1,5,0,65,17,3,0,703
FIN-400311,Henry Garcia,henry.garcia@hotmail.com,business,32111,172,1104.35,1,15,2,424,98,1,2,788
FIN-400312,Ella Miller,ella_miller@outlook.com,investment,106338,45,1109.37,1,11,0,1430,60,0,0,773
FIN-400313,Ava Torres,ava.torres@protonmail.com,savings,132613,26,2981.71,1,13,0,1391,52,0,0,829
FIN-400314,Daniel Miller,daniel.miller@fastmail.com,business,290410,35,1714.45,1,5,0,687,48,0,0,758
FIN-400315,Jackson Ramirez,jackson_ramirez@icloud.com,checking,1957,42,77.14,1,6,2,419,51,9,0,524
FIN-400316,Sebastian Scott,sebastian.scott@hotmail.com,savings,2159,0,183.21,0,2,0,1086,1,1,0,723
FIN-400317,Aria Hill,aria_hill65@fastmail.com,checking,1017,98,54.94,1,3,10,260,42,15,1,652
FIN-400318,Leo Rodriguez,leorodriguez62@fastmail.com,business,192980,80,3291.26,1,10,0,1569,44,1,0,768
FIN-400319,Leo Wilson,leowilson22@hotmail.com,checking,130,83,60.91,1,4,8,522,74,12,0,528
FIN-400320,Ryan Walker,ryan_walker@hotmail.com,savings,6754,36,436.63,1,0,0,36,22,1,0,594
FIN-400321,Jackson Jackson,jackson_jackson@protonmail.com,business,142597,50,2138.27,1,4,0,1984,55,5,0,848
FIN-400322,Hannah Johnson,hannahjohnson@hotmail.com,savings,340795,13,3747.81,1,7,0,1091,37,1,0,791
FIN-400323,Jackson Allen,jackson.allen6@gmail.com,business,35726,185,1616.82,1,11,3,1148,59,2,1,700
FIN-400324,Noah Jackson,noah_jackson29@icloud.com,investment,81855,16,811.09,1,15,0,785,57,5,0,797
FIN-400325,Isaac Jackson,isaac.jackson@aol.com,business,6549,11,112.7,0,0,2,0,5,5,0,630
FIN-400326,Aiden Wright,aiden_wright73@protonmail.com,checking,1178,3,173.81,0,2,1,1453,1,1,0,625
FIN-400327,Scarlett Sanchez,scarlettsanchez@gmail.com,savings,3069,2,127.03,0,2,1,689,3,0,0,749
FIN-400328,Victoria Williams,victoriawilliams@hotmail.com,business,5403,32,417.24,0,5,0,23,13,3,0,590
FIN-400329,Sophia Martin,sophia.martin19@yahoo.com,business,138615,14,357.42,1,3,0,1587,36,2,0,790
FIN-400330,Charlotte Davis,charlottedavis@aol.com,checking,4705,4,30.76,0,0,1,805,1,0,0,692
FIN-400331,Dylan Hernandez,dylan.hernandez9@protonmail.com,business,84267,88,238.08,1,11,3,788,33,4,0,762
FIN-400332,William Garcia,william_garcia@aol.com,checking,93931,90,1534.55,1,10,1,1130,86,5,2,767
FIN-400333,Sebastian Allen,sebastian.allen@icloud.com,checking,68729,129,987.04,1,9,2,412,75,3,2,711
FIN-400334,James Clark,james.clark@aol.com,checking,6589,26,107.76,1,1,0,25,31,0,0,761
FIN-400335,Isabella Lewis,isabella_lewis@icloud.com,checking,618,88,35.5,1,3,4,390,71,7,1,501
FIN-400336,Jack Perez,jack_perez@aol.com,checking,1454,84,52.82,1,10,6,525,79,13,0,568
FIN-400337,Ryan Taylor,ryan_taylor47@icloud.com,checking,4857,4,97.89,0,2,0,859,3,0,0,695
FIN-400338,Mia Sanchez,mia_sanchez@protonmail.com,business,36735,182,411.79,1,9,0,631,65,10,0,683
FIN-400339,Henry Lopez,henry.lopez38@icloud.com,checking,84635,101,1598.07,1,7,2,633,60,4,2,715
FIN-400340,Jack Clark,jack.clark28@fastmail.com,business,123883,21,1465.62,1,12,0,1107,41,4,0,816
FIN-400341,Elizabeth Sanchez,elizabethsanchez@outlook.com,savings,4066,5,66.03,0,1,1,1064,3,2,0,743
FIN-400342,Alexander Young,alexanderyoung18@yahoo.com,business,32417,100,819.26,1,10,2,1034,80,2,2,746
FIN-400343,Riley Wilson,riley_wilson@outlook.com,checking,2255,5,185.2,0,1,1,734,3,2,0,602
FIN-400344,Christian Brown,christian.brown4@yahoo.com,business,26775,131,485.48,1,10,0,918,82,2,1,778
FIN-400345,William Walker,william_walker79@outlook.com,business,403383,62,1764.73,1,5,0,1024,50,0,0,845
FIN-400346,Harper Thomas,harper_thomas87@icloud.com,savings,1163,1,140.61,0,2,0,592,2,1,0,668
FIN-400347,Ella Lewis,ellalewis@aol.com,checking,1240,69,21.35,1,6,7,367,53,15,0,637
FIN-400348,Abigail Perez,abigailperez89@icloud.com,business,330531,23,1481.93,1,3,0,1530,39,0,0,777
FIN-400349,Abigail Scott,abigail_scott@gmail.com,checking,1933,157,69.89,1,5,10,193,72,5,1,607
FIN-400350,Evelyn Wilson,evelyn.wilson@fastmail.com,savings,3966,3,171.8,0,0,0,1045,0,0,0,724
FIN-400351,Daniel Wright,daniel.wright58@aol.com,investment,3693,36,51.02,0,5,2,37,9,1,0,669
FIN-400352,Scarlett Jones,scarlettjones@hotmail.com,investment,275,11,326.77,0,2,1,0,13,0,0,764
FIN-400353,Jackson Flores,jackson.flores@fastmail.com,savings,736,3,103.67,0,2,0,670,1,1,0,685
FIN-400354,Ethan Anderson,ethan.anderson10@gmail.com,checking,86745,147,386.8,1,11,0,740,42,3,0,707
FIN-400355,Jackson Walker,jackson_walker@aol.com,checking,73519,105,525.13,1,10,1,608,51,9,1,719
FIN-400356,Sebastian Martinez,sebastian.martinez7@icloud.com,investment,251557,18,1401.13,1,15,0,1230,57,1,0,797
FIN-400357,Leo Martin,leo_martin@outlook.com,savings,2803,2,83.57,0,2,1,505,2,0,0,717
FIN-400358,Alexander Thompson,alexanderthompson94@fastmail.com,checking,2035,0,126.84,0,0,0,418,0,0,0,656
FIN-400359,Jack Moore,jack_moore99@yahoo.com,checking,96361,96,1141.68,1,14,2,363,41,3,1,723
FIN-400360,Daniel King,danielking@gmail.com,investment,4204,22,102.24,0,0,2,68,24,5,0,713
FIN-400361,Sophia Scott,sophia_scott86@hotmail.com,checking,3702,4,184.7,0,1,0,727,0,2,0,628
FIN-400362,Harper Thompson,harperthompson50@icloud.com,checking,1248,185,19.82,1,8,4,285,50,10,1,556
FIN-400363,Ryan Lopez,ryan_lopez57@aol.com,checking,4469,30,39.8,0,1,1,51,9,0,0,609
FIN-400364,Amelia Wilson,ameliawilson@outlook.com,investment,9389,24,450.77,0,1,1,3,13,2,0,719
FIN-400365,Ava Walker,avawalker@outlook.com,checking,4273,2,185.77,0,1,0,1485,1,0,0,749
FIN-400366,Noah Martinez,noahmartinez@fastmail.com,business,89077,86,749.68,1,12,0,375,90,8,1,734
FIN-400367,Jackson Brown,jackson_brown@protonmail.com,investment,2531,32,314.26,1,4,0,70,15,4,0,631
FIN-400368,Grace Sanchez,gracesanchez@protonmail.com,savings,4938,1,159.53,0,2,0,329,2,2,0,697
FIN-400369,Noah Taylor,noah.taylor66@protonmail.com,savings,72259,11,3443.57,1,11,0,1875,54,1,0,792
FIN-400370,Ryan Lopez,ryan.lopez@fastmail.com,checking,40249,101,1444.62,1,9,0,652,56,9,1,771
FIN-400371,Dylan Nguyen,dylan_nguyen38@hotmail.com,checking,9196,173,608.21,1,9,1,1177,72,1,0,764
FIN-400372,Nathan Harris,nathan.harris58@gmail.com,business,66428,91,1650.7,1,13,1,524,42,3,0,725
FIN-400373,Isaac Lewis,isaac_lewis@protonmail.com,savings,218533,73,4316.53,1,7,0,1094,45,4,0,774
FIN-400374,Owen Anderson,owen.anderson63@gmail.com,checking,24817,155,733.66,1,15,2,720,77,5,1,729
FIN-400375,Isaac Ramirez,isaacramirez@aol.com,checking,77,173,63.22,1,10,3,129,73,8,1,676
FIN-400376,Ella Jones,ella_jones94@aol.com,checking,2558,4,61.35,0,0,0,1372,0,1,0,721
FIN-400377,Aiden Thomas,aiden.thomas@gmail.com,investment,314107,49,3076.6,1,15,0,944,21,2,0,794
FIN-400378,Benjamin Thomas,benjaminthomas@fastmail.com,savings,1044,5,137.57,0,1,1,326,0,2,0,666
FIN-400379,Chloe Scott,chloe_scott@protonmail.com,checking,2892,2,198.78,0,0,1,717,1,1,0,657
FIN-400380,Samuel Thomas,samuel_thomas@hotmail.com,checking,110,57,18.53,1,10,2,394,51,15,0,537
FIN-400381,Elizabeth Wright,elizabethwright17@yahoo.com,checking,27226,199,193.03,1,14,3,318,31,9,1,723
FIN-400382,Harper Johnson,harper.johnson@aol.com,business,8119,36,444.82,1,0,1,90,12,5,0,687
FIN-400383,Layla Rodriguez,layla_rodriguez4@fastmail.com,business,30327,188,513.08,1,6,3,548,72,6,0,687
FIN-400384,Noah Moore,noah.moore42@outlook.com,business,3840,39,210.2,1,2,1,16,35,1,0,726
FIN-400385,Charlotte King,charlotte.king@fastmail.com,checking,3309,0,176.01,0,1,1,1324,0,0,0,613
FIN-400386,Ryan Hernandez,ryan_hernandez@aol.com,business,80703,105,821.47,1,13,2,793,75,6,1,739
FIN-400387,Isabella Torres,isabella.torres58@fastmail.com,checking,1744,136,10.43,1,9,8,569,34,7,0,583
FIN-400388,Avery Wilson,avery.wilson@icloud.com,savings,1877,1,97.56,0,1,1,644,3,0,0,607
FIN-400389,Leo Torres,leo.torres@fastmail.com,savings,120436,22,3127.34,1,13,0,1822,13,0,0,785
FIN-400390,Matthew Sanchez,matthew.sanchez@yahoo.com,savings,119,4,195.13,0,2,0,1387,0,1,0,652
FIN-400391,Victoria Walker,victoria.walker41@hotmail.com,business,63836,191,881.13,1,5,0,304,98,10,1,700
FIN-400392,Ryan Allen,ryan_allen85@aol.com,savings,158815,30,2228.96,1,5,0,967,31,0,0,792
FIN-400393,Jack Harris,jackharris45@outlook.com,checking,9520,7,263.57,1,5,1,80,11,1,0,735
FIN-400394,Caleb Flores,calebflores@gmail.com,business,95123,131,906.52,1,10,2,824,79,9,2,693
FIN-400395,Christian Martin,christian.martin14@icloud.com,business,7905,40,457.56,0,0,2,4,23,0,0,638
FIN-400396,Caleb Garcia,calebgarcia@hotmail.com,savings,821,3,91.92,0,0,1,1252,0,0,0,722
FIN-400397,Harper Lewis,harper_lewis@protonmail.com,checking,1318,174,65.08,1,9,3,321,92,15,0,651
FIN-400398,Evelyn Taylor,evelyn.taylor@yahoo.com,business,170596,42,4379,1,13,0,1242,44,0,0,785
FIN-400399,Christian Sanchez,christiansanchez19@outlook.com,investment,4859,30,141.35,1,2,1,72,19,4,0,624
FIN-400400,Chloe Brown,chloe.brown@yahoo.com,investment,108036,17,1678.42,1,7,0,548,25,5,0,795
FIN-400401,Leo Thompson,leo_thompson75@outlook.com,checking,1622,5,134.69,0,0,1,1109,1,0,0,602
FIN-400402,Scarlett Brown,scarlett_brown@aol.com,business,60964,130,668.56,1,15,2,772,51,6,2,693
FIN-400403,Sebastian Lewis,sebastian.lewis72@protonmail.com,checking,71419,189,713.58,1,9,2,776,98,7,2,699
FIN-400404,Scarlett Rodriguez,scarlettrodriguez90@aol.com,checking,20309,97,1388.71,1,6,1,414,55,2,1,735
FIN-400405,Sofia Scott,sofia.scott@hotmail.com,checking,42747,142,1868.97,1,12,3,1103,85,7,0,707
FIN-400406,Isaac Martinez,isaac.martinez37@gmail.com,business,410332,78,1539.06,1,5,0,1622,47,2,0,815
FIN-400407,Jack Martin,jackmartin@icloud.com,checking,1353,63,70.84,1,6,3,436,40,7,0,604
FIN-400408,Layla Thomas,layla_thomas94@fastmail.com,business,3624,27,410.42,0,4,0,69,12,3,0,707
FIN-400409,Aiden Davis,aiden.davis@icloud.com,investment,216622,59,3576.97,1,3,0,848,56,3,0,772
FIN-400410,Nathan Flores,nathan_flores@fastmail.com,checking,250,91,21.79,1,9,9,650,26,6,0,660
FIN-400411,Dylan King,dylanking61@protonmail.com,business,9724,25,47.83,1,4,1,63,11,2,0,620
FIN-400412,Chloe Allen,chloe_allen@fastmail.com,checking,1413,105,34.62,1,8,9,497,57,9,1,558
FIN-400413,Abigail Walker,abigail_walker82@outlook.com,checking,55027,129,1923.76,1,13,3,609,54,4,2,776
FIN-400414,Dylan Harris,dylanharris38@icloud.com,checking,9007,32,64.84,1,0,0,70,5,1,0,598
FIN-400415,Abigail Lopez,abigaillopez@yahoo.com,savings,143791,20,808.47,1,14,0,1249,41,0,0,808
FIN-400416,Dylan Hernandez,dylan_hernandez54@aol.com,business,61180,40,3396.49,1,14,0,1593,18,0,0,818
FIN-400417,Sofia Gonzalez,sofia_gonzalez36@aol.com,checking,168,173,54.97,1,7,9,505,79,2,1,615
FIN-400418,Mia Jackson,mia.jackson17@yahoo.com,checking,895,44,29.45,1,9,7,547,62,3,1,562
FIN-400419,Mia Taylor,mia.taylor@hotmail.com,savings,9320,32,250.1,0,4,0,10,15,2,0,596
FIN-400420,Matthew Jones,matthew.jones5@aol.com,business,8062,31,250.56,1,5,1,7,29,1,0,587
FIN-400421,Ethan Moore,ethan_moore@fastmail.com,business,1437,16,269.09,0,3,1,5,35,0,0,629
FIN-400422,Hannah Davis,hannah.davis@yahoo.com,savings,953,0,135.74,0,1,0,1162,3,0,0,670
FIN-400423,Charlotte Smith,charlotte.smith@hotmail.com,business,60976,149,422.77,1,12,2,1057,92,6,1,739
FIN-400424,Lucas Harris,lucas.harris@yahoo.com,checking,21784,165,1026.33,1,6,3,1092,96,9,1,749
FIN-400425,Jackson Lee,jacksonlee35@outlook.com,business,1555,22,128.8,0,3,2,66,36,4,0,707
FIN-400426,Amelia Miller,amelia_miller@gmail.com,checking,1882,73,39.72,1,6,7,370,89,3,0,551
FIN-400427,Benjamin Wilson,benjaminwilson99@hotmail.com,checking,79783,119,381.68,1,9,1,570,48,2,0,791
FIN-400428,Leo Hill,leo.hill@gmail.com,business,60073,64,901.34,1,7,0,1602,27,4,0,844
FIN-400429,Benjamin Martin,benjaminmartin46@gmail.com,investment,5312,12,96.63,1,5,1,0,35,1,0,728
FIN-400430,Charlotte Lewis,charlotte_lewis69@outlook.com,savings,3750,12,34.96,0,2,2,29,23,5,0,766
FIN-400431,Grace Wilson,gracewilson@yahoo.com,checking,4363,4,59.38,0,2,0,1330,1,2,0,691
FIN-400432,Sophia Smith,sophia.smith96@gmail.com,checking,3745,25,82.4,1,2,1,70,37,1,0,718
FIN-400433,Jackson Wright,jackson.wright77@aol.com,checking,1302,164,40.68,1,7,6,128,78,6,1,549
FIN-400434,Sofia Nguyen,sofia_nguyen3@icloud.com,checking,1724,193,49.34,1,6,9,658,27,8,0,521
FIN-400435,Benjamin Martin,benjamin_martin@fastmail.com,business,1486,25,145.34,0,0,2,20,5,0,0,674
FIN-400436,Ryan Rodriguez,ryanrodriguez38@fastmail.com,checking,2133,0,152.33,0,1,1,1431,0,1,0,658
FIN-400437,Liam Sanchez,liam_sanchez36@hotmail.com,checking,91824,95,1046.85,1,8,2,387,85,8,0,733
FIN-400438,Hannah Garcia,hannah_garcia@gmail.com,business,257372,12,3785.38,1,14,0,1536,24,1,0,808
FIN-400439,Dylan Wilson,dylan_wilson43@icloud.com,checking,1978,57,18.04,1,5,4,268,38,7,1,657
FIN-400440,Jack Rodriguez,jackrodriguez57@protonmail.com,checking,1177,181,13.01,1,6,10,533,39,6,1,644
FIN-400441,Benjamin Wilson,benjaminwilson@protonmail.com,business,94828,99,192.41,1,6,1,1086,46,7,2,792
FIN-400442,Abigail Thomas,abigail.thomas65@protonmail.com,business,138586,32,3801.67,1,14,0,1477,56,0,0,806
FIN-400443,Leo Wright,leo.wright99@fastmail.com,checking,816,143,15.05,1,4,3,124,53,14,1,652
FIN-400444,Ava Anderson,ava.anderson14@aol.com,checking,53409,156,1918.45,1,8,0,308,74,8,2,741
FIN-400445,Abigail Flores,abigailflores@gmail.com,savings,3333,1,45.3,0,0,0,1147,0,0,0,651
FIN-400446,Jackson Jones,jacksonjones@aol.com,savings,440473,51,4010.86,1,3,0,1952,29,3,0,764
FIN-400447,Layla Walker,laylawalker@yahoo.com,savings,4701,5,83.68,0,2,1,843,3,2,0,690
FIN-400448,Leo Lee,leo.lee@outlook.com,checking,6725,20,199.89,0,1,1,40,22,5,0,581
FIN-400449,Isaac Thomas,isaacthomas51@gmail.com,savings,4296,2,151.84,0,0,0,745,1,1,0,720
FIN-400450,Elijah Flores,elijah_flores13@aol.com,checking,79143,120,1179.66,1,11,0,763,91,7,0,794
FIN-400451,Ethan Wright,ethan.wright@protonmail.com,checking,2124,28,477.85,1,5,1,40,25,2,0,699
FIN-400452,Isabella Hill,isabella_hill@hotmail.com,savings,1192,27,72.8,0,4,0,53,19,0,0,590
FIN-400453,Elizabeth Young,elizabeth_young21@yahoo.com,checking,29203,100,597.18,1,15,1,467,85,5,2,716
FIN-400454,Nathan Young,nathan_young@gmail.com,business,6545,23,325.56,0,3,2,28,11,1,0,679
FIN-400455,Daniel Davis,daniel.davis@gmail.com,checking,1361,62,76.19,1,10,5,144,22,8,0,570
FIN-400456,Jackson Clark,jackson.clark@hotmail.com,checking,2205,3,80.91,0,0,0,1271,0,1,0,648
FIN-400457,Caleb Scott,calebscott@aol.com,business,87104,196,1548.74,1,5,0,870,67,3,1,770
FIN-400458,Liam Brown,liam_brown@fastmail.com,investment,4767,16,31.12,0,5,2,74,34,2,0,776
FIN-400459,William Johnson,william_johnson@fastmail.com,business,86519,191,1665.49,1,9,1,569,58,2,1,790
FIN-400460,Sofia Williams,sofia_williams83@hotmail.com,checking,95355,90,408.76,1,11,1,1011,41,4,2,681
FIN-400461,Ella Lewis,ella.lewis@gmail.com,business,88118,57,1580.57,1,7,0,1846,24,5,0,757
FIN-400462,William White,william.white@protonmail.com,business,355558,57,1635.23,1,8,0,1646,31,4,0,786
FIN-400463,Abigail Lee,abigaillee@aol.com,savings,2891,0,103.85,0,2,1,793,3,2,0,733
FIN-400464,Matthew Torres,matthewtorres@gmail.com,checking,3828,35,269.3,1,1,1,11,7,4,0,744
FIN-400465,Riley Rodriguez,rileyrodriguez63@fastmail.com,checking,71,1,190.73,0,2,0,1492,0,0,0,646
FIN-400466,Ava Hill,ava.hill@hotmail.com,savings,717,0,110.9,0,0,0,1232,2,2,0,674
FIN-400467,Lily Brown,lilybrown34@outlook.com,business,245739,12,2365.65,1,12,0,1357,32,0,0,750
FIN-400468,Henry Scott,henryscott@hotmail.com,business,472326,62,915.64,1,15,0,912,11,1,0,786
FIN-400469,Sofia Scott,sofia.scott83@gmail.com,savings,264578,71,4987.81,1,8,0,846,40,1,0,839
FIN-400470,Isabella Davis,isabelladavis@hotmail.com,business,19331,195,1502.44,1,7,0,384,45,8,0,773
FIN-400471,Henry Smith,henry.smith18@outlook.com,checking,9894,16,312.69,1,0,0,39,23,2,0,748
FIN-400472,Alexander Smith,alexander.smith@outlook.com,business,17620,114,1936.62,1,10,0,1170,82,1,2,766
FIN-400473,James Walker,james.walker@aol.com,checking,1226,155,58.71,1,5,5,223,41,8,0,660
FIN-400474,Elijah Miller,elijah.miller91@outlook.com,checking,968,194,17.92,1,8,4,303,94,12,0,616
FIN-400475,Caleb Ramirez,caleb_ramirez39@gmail.com,savings,5490,11,374.85,0,5,0,25,10,1,0,735
FIN-400476,Charlotte White,charlottewhite32@icloud.com,savings,657,3,33.61,0,2,0,709,0,1,0,743
FIN-400477,Sophia Clark,sophiaclark61@fastmail.com,checking,796,77,15.47,1,5,10,678,54,14,0,577
FIN-400478,Samuel Thompson,samuel_thompson66@outlook.com,checking,52617,167,789.77,1,5,0,664,40,2,1,715
FIN-400479,Nathan Williams,nathan_williams@yahoo.com,investment,349138,55,840.86,1,8,0,1951,24,0,0,844
FIN-400480,Isabella Garcia,isabella.garcia78@hotmail.com,business,24410,145,1751.86,1,14,2,1149,94,2,2,772
FIN-400481,Chloe Martinez,chloe_martinez@aol.com,savings,113517,75,4012.14,1,3,0,1779,22,2,0,804
FIN-400482,Henry Miller,henry_miller@icloud.com,checking,1256,88,54.43,1,3,5,153,22,6,1,585
FIN-400483,Aiden Robinson,aiden_robinson@protonmail.com,investment,1724,31,55.09,0,3,2,12,38,2,0,687
FIN-400484,Mia Davis,mia_davis@gmail.com,checking,6826,30,344.4,1,4,2,7,28,4,0,685
FIN-400485,Henry Wright,henry_wright@hotmail.com,investment,6629,5,347.2,0,2,0,50,7,3,0,713
FIN-400486,Hannah Ramirez,hannah.ramirez@protonmail.com,business,8671,176,1916.33,1,12,2,346,34,4,2,794
FIN-400487,Noah Wright,noahwright67@fastmail.com,checking,181,56,36.7,1,10,2,236,97,9,0,501
FIN-400488,Emily Lewis,emily_lewis@gmail.com,savings,68292,57,3259.06,1,13,0,654,30,3,0,764
FIN-400489,Alexander Ramirez,alexander_ramirez@outlook.com,checking,88749,153,1350.33,1,7,1,525,91,4,1,724
FIN-400490,Lucas Nguyen,lucas_nguyen@aol.com,business,51749,172,1548.43,1,9,2,967,69,8,1,724
FIN-400491,Scarlett King,scarlettking@protonmail.com,checking,8588,26,73.54,1,1,1,59,22,1,0,751
FIN-400492,Layla Hernandez,laylahernandez@icloud.com,savings,595,18,459.03,1,3,0,35,24,3,0,703
FIN-400493,Emily Smith,emily_smith41@icloud.com,checking,44114,181,1654.29,1,8,0,652,68,1,0,761
FIN-400494,Sofia Jones,sofia_jones@yahoo.com,savings,7941,17,105.56,1,2,2,29,21,0,0,645
FIN-400495,Abigail Walker,abigail.walker86@fastmail.com,checking,54991,127,491.6,1,12,1,400,39,1,0,727
FIN-400496,Ella King,ellaking@fastmail.com,investment,86163,36,1799.86,1,10,0,1979,10,5,0,767
FIN-400497,Elizabeth Brown,elizabeth.brown@hotmail.com,checking,341,139,79.66,1,10,5,423,20,3,1,644
FIN-400498,Daniel Hill,daniel.hill@outlook.com,checking,1057,5,98.81,0,1,1,1359,0,0,0,675
FIN-400499,Abigail Thomas,abigail.thomas@icloud.com,checking,2963,26,206.08,0,3,2,84,16,0,0,654