user_id,email,account_name,plan,signup_date,logins_7d,logins_30d,features_used,api_calls_30d,storage_mb,team_members,integrations_active,last_login_days,nps_score,support_tier
USR-200000,amelia.lee@gmail.com,Falcon Systems,starter,1765021131,30,112,8,1873,1681,8,6,1,6,priority
USR-200001,ethanlee93@hotmail.com,PulsePoint,free,1744285131,0,2,4,45,196,1,1,117,,basic
USR-200002,henry_walker@outlook.com,Keystone,pro,1763897931,12,114,14,1586,945,8,3,0,8,priority
USR-200003,isabella_anderson10@aol.com,BrightPath,free,1735558731,0,1,2,41,148,1,1,165,,basic
USR-200004,elizabeth_nguyen@yahoo.com,Horizon Labs,pro,1762515531,20,106,13,1273,264,10,4,5,9,priority
USR-200005,mia_martin@icloud.com,Keystone,starter,1740137931,0,2,2,15,14,1,1,102,,basic
USR-200006,liam.clark75@icloud.com,Keystone,pro,1743075531,48,100,19,7481,4856,7,8,2,7,priority
USR-200007,scarlett.williams@yahoo.com,Harbor Tech,free,1775302731,14,14,1,31,43,1,0,3,,basic
USR-200008,liamtaylor33@icloud.com,Horizon Labs,free,1774957131,5,13,6,12,20,1,1,0,,basic
USR-200009,emily.gonzalez@yahoo.com,Quantum Labs,free,1775216331,4,3,4,84,27,1,1,0,,basic
USR-200010,nathanramirez37@aol.com,Harbor Tech,free,1746877131,5,12,4,216,58,1,2,13,,basic
USR-200011,nathan_torres@hotmail.com,IronBridge,pro,1754480331,30,110,15,3431,4129,31,10,0,10,dedicated
USR-200012,noah_flores28@gmail.com,Emerald Tech,enterprise,1737200331,27,180,13,7428,3614,47,5,2,7,dedicated
USR-200013,benjamin.johnson46@icloud.com,Oasis Network,free,1757331531,3,22,2,26,216,1,2,2,7,basic
USR-200014,henry_anderson@yahoo.com,Atlas Group,free,1766749131,3,18,8,281,123,1,2,3,6,basic
USR-200015,leo_smith@hotmail.com,Orbit Media,starter,1743161931,0,1,1,26,91,1,1,158,,basic
USR-200016,matthew_lewis@gmail.com,Summit Solutions,starter,1766921931,11,75,9,3414,656,3,2,7,9,basic
USR-200017,avery.wright@fastmail.com,Harbor Tech,pro,1756985931,28,104,17,3775,1333,34,7,0,9,dedicated
USR-200018,matthew_king@aol.com,IronBridge,free,1766144331,0,1,1,34,168,1,1,92,3,basic
USR-200019,benjaminramirez10@protonmail.com,DataStream,pro,1747049931,40,173,16,8637,4199,48,10,3,7,dedicated
USR-200020,caleb_young@icloud.com,ClearView,free,1742211531,0,1,2,13,21,1,0,64,1,basic
USR-200021,lucaswilliams@hotmail.com,ClearView,enterprise,1749555531,36,133,19,3921,4391,12,4,0,10,priority
USR-200022,ava_johnson@gmail.com,NexGen,pro,1757849931,37,74,20,7111,1690,14,8,3,7,dedicated
USR-200023,liam.hernandez@fastmail.com,Zenith Digital,starter,1752061131,0,2,4,0,85,1,1,149,,basic
USR-200024,sofiawright@protonmail.com,ClearView,enterprise,1714131531,44,63,19,9041,3016,48,4,2,9,priority
USR-200025,scarlett_sanchez@outlook.com,Forge Systems,pro,1711453131,50,108,13,6417,2502,5,9,1,10,dedicated
USR-200026,matthew.lewis11@protonmail.com,Beacon Health,pro,1767699531,22,56,13,2660,1078,8,6,6,9,priority
USR-200027,william_garcia@gmail.com,Summit Solutions,free,1775389131,14,2,2,12,42,1,0,4,,basic
USR-200028,ethan.lee7@icloud.com,Cascade Digital,starter,1766317131,9,28,8,277,23,1,0,0,5,basic
USR-200029,alexander.thomas@protonmail.com,DataStream,pro,1768909131,14,101,13,2239,218,5,3,0,6,priority
USR-200030,jamesking@protonmail.com,Oasis Network,starter,1767526731,12,31,12,3469,1910,7,3,1,8,basic
USR-200031,daniel_sanchez27@protonmail.com,Atlas Group,pro,1762342731,9,62,11,2737,1730,13,6,3,7,basic
USR-200032,rileygarcia61@outlook.com,Summit Solutions,free,1757763531,4,19,3,255,37,1,1,2,5,basic
USR-200033,matthewjackson@hotmail.com,Atlas Group,pro,1766057931,12,107,8,3279,1735,16,6,3,7,basic
USR-200034,samuel_thompson24@protonmail.com,PulsePoint,starter,1755085131,5,26,2,162,269,1,0,13,8,basic
USR-200035,owenjones54@gmail.com,Beacon Health,enterprise,1718797131,17,89,20,6417,2447,9,8,3,10,dedicated
USR-200036,owen.brown@gmail.com,Cascade Digital,enterprise,1734262731,20,95,19,4652,2839,30,8,0,9,priority
USR-200037,riley_lewis@yahoo.com,Acme Corp,enterprise,1745581131,48,189,12,7301,3654,45,5,1,10,priority
USR-200038,james.anderson36@aol.com,NexGen,pro,1765539531,15,69,7,3943,1637,11,5,6,9,priority
USR-200039,sebastianking@gmail.com,VertexAI,free,1724758731,0,1,3,34,119,1,1,139,4,basic
USR-200040,rileywilliams44@yahoo.com,Summit Solutions,starter,1751715531,0,2,3,45,74,1,0,162,5,basic
USR-200041,samuel.hill@outlook.com,Momentum Inc,pro,1769859531,22,119,13,1862,354,20,4,5,7,basic
USR-200042,nathan_wilson@gmail.com,Starlight,pro,1762342731,21,81,13,840,581,9,5,4,7,priority
USR-200043,hannahanderson@aol.com,NexGen,free,1775389131,8,2,1,182,41,1,1,3,,basic
USR-200044,amelia.johnson@aol.com,Apex Analytics,free,1775907531,10,5,4,56,16,1,1,1,,basic
USR-200045,dylanmartin46@icloud.com,SilverLine,free,1739533131,0,0,2,16,81,1,1,114,,basic
USR-200046,daniel.garcia@aol.com,Cobalt Industries,starter,1756813131,10,12,6,482,177,1,0,5,7,basic
USR-200047,caleblewis@icloud.com,Starlight,enterprise,1713440331,48,150,16,6879,1481,45,4,1,10,dedicated
USR-200048,ava.scott74@gmail.com,IronBridge,starter,1748691531,0,2,2,4,110,1,0,122,2,basic
USR-200049,aiden.garcia@protonmail.com,NexGen,starter,1759923531,7,33,8,179,5,1,0,9,7,basic
USR-200050,scarlettking@icloud.com,DataStream,starter,1760701131,16,119,14,3977,1931,7,2,2,6,basic
USR-200051,nathan.martinez67@icloud.com,Atlas Group,free,1776080331,11,7,1,4,34,1,1,3,,basic
USR-200052,ethan.smith@yahoo.com,Forge Systems,free,1775475531,1,3,3,51,41,1,0,4,,basic
USR-200053,hannah_brown@aol.com,Emerald Tech,free,1735385931,0,1,2,24,63,1,0,102,4,basic
USR-200054,dylanmiller@icloud.com,Cobalt Industries,pro,1716896331,48,149,12,4110,2571,43,6,2,8,priority
USR-200055,victoria_miller@outlook.com,Relay Networks,free,1774957131,1,5,5,103,36,1,0,1,,basic
USR-200056,isaac.thomas52@yahoo.com,DataStream,enterprise,1754566731,27,144,15,5755,2469,15,5,2,7,priority
USR-200057,sofiaclark@icloud.com,Apex Analytics,starter,1747481931,9,20,3,303,293,1,0,8,6,basic
USR-200058,evelyn_wilson57@protonmail.com,Harbor Tech,starter,1764157131,0,3,1,37,17,1,1,93,2,basic
USR-200059,james_torres5@outlook.com,Beacon Health,starter,1746185931,7,17,6,419,129,1,0,13,,basic
USR-200060,miaperez@hotmail.com,Pine Valley,free,1775302731,6,1,3,116,21,1,1,5,,basic
USR-200061,sebastianbrown@icloud.com,Apex Analytics,free,1762601931,0,3,4,46,68,1,1,159,2,basic
USR-200062,chloe_young41@fastmail.com,Momentum Inc,enterprise,1716032331,49,129,17,6531,4101,24,8,2,7,dedicated
USR-200063,isaacjackson@gmail.com,Keystone,free,1747568331,0,0,4,50,40,1,0,95,5,basic
USR-200064,elizabeth.gonzalez4@fastmail.com,Forge Systems,starter,1761046731,6,17,4,339,253,1,1,13,7,basic
USR-200065,riley.torres@aol.com,TrueNorth,starter,1743680331,8,27,6,385,200,1,1,5,,basic
USR-200066,ava.garcia45@hotmail.com,Cobalt Industries,free,1764243531,5,25,4,15,198,1,0,5,7,basic
USR-200067,jackson_white@gmail.com,ClearView,starter,1765453131,24,48,10,1503,1447,7,6,5,6,priority
USR-200068,dylan.rodriguez@hotmail.com,TechVision,enterprise,1742989131,41,90,14,6299,3547,21,4,1,8,dedicated
USR-200069,ellaflores@protonmail.com,ClearView,starter,1754307531,0,1,1,13,190,1,0,92,,basic
USR-200070,christian_perez44@protonmail.com,Prism Data,pro,1767267531,24,46,10,2886,1052,10,6,1,8,priority
USR-200071,william.lewis@hotmail.com,DataStream,free,1775648331,9,4,6,152,8,1,0,3,,basic
USR-200072,aidenthomas6@icloud.com,Cobalt Industries,pro,1760873931,23,48,14,2209,1583,18,2,4,6,basic
USR-200073,charlotte_lee@yahoo.com,Falcon Systems,pro,1765366731,18,109,8,3370,1366,3,3,1,7,basic
USR-200074,henrylee@protonmail.com,Starlight,free,1749728331,5,17,5,394,202,1,1,1,,basic
USR-200075,abigail.johnson67@fastmail.com,TechVision,free,1766835531,2,35,3,486,159,1,2,13,5,basic
USR-200076,emily_garcia@aol.com,ClearView,starter,1749641931,4,16,4,168,195,1,1,6,6,basic
USR-200077,ryanflores94@icloud.com,NexGen,enterprise,1718451531,22,184,19,8624,2606,15,9,2,7,dedicated
USR-200078,charlotteramirez@gmail.com,Redwood Systems,starter,1764589131,2,13,4,29,201,1,1,2,8,basic
USR-200079,owen.torres@fastmail.com,TrueNorth,enterprise,1709120331,43,118,14,9428,2718,28,10,0,8,dedicated
USR-200080,sofiahernandez@outlook.com,Apex Analytics,free,1748259531,0,0,1,10,192,1,1,67,2,basic
USR-200081,emmaflores61@gmail.com,Summit Solutions,free,1751110731,0,0,2,22,137,1,1,69,2,basic
USR-200082,rileythomas56@protonmail.com,VertexAI,pro,1764070731,26,86,11,3835,762,11,3,7,7,basic
USR-200083,jackson.gonzalez48@protonmail.com,BrightPath,pro,1767094731,28,70,11,3343,1164,16,5,2,6,basic
USR-200084,ava.clark@protonmail.com,Momentum Inc,starter,1751197131,0,2,3,10,169,1,1,119,3,basic
USR-200085,jack.smith97@yahoo.com,Oasis Network,pro,1735731531,24,116,20,7902,1732,33,10,3,10,dedicated
USR-200086,laylajackson@yahoo.com,Atlas Group,free,1775389131,15,7,5,195,7,1,0,0,,basic
USR-200087,harper_young@hotmail.com,DataStream,free,1775043531,15,13,1,6,16,1,0,0,,basic
USR-200088,matthewhernandez74@aol.com,Quantum Labs,free,1775475531,4,14,4,153,26,1,1,0,,basic
USR-200089,nathan_moore@icloud.com,Oasis Network,enterprise,1742125131,21,162,12,6958,3468,45,5,1,7,priority
USR-200090,aria.harris@icloud.com,Atlas Group,pro,1744285131,40,109,14,3089,4675,49,9,2,10,dedicated
USR-200091,ellahill@aol.com,Oasis Network,free,1753011531,0,3,3,20,105,1,1,172,,basic
USR-200092,avathompson@icloud.com,IronBridge,free,1775734731,12,12,2,135,14,1,1,4,,basic
USR-200093,lily_martinez25@fastmail.com,Beacon Health,starter,1737718731,0,2,1,11,161,1,1,141,2,basic
USR-200094,samuelwilliams@outlook.com,Pine Valley,starter,1763206731,13,112,8,3504,1812,12,5,3,8,basic
USR-200095,alexander.ramirez50@hotmail.com,BrightPath,starter,1758800331,5,34,6,424,90,1,1,5,8,basic
USR-200096,leo_allen@aol.com,ClearView,pro,1754653131,45,112,17,4925,4782,22,5,3,8,dedicated
USR-200097,amelia.walker@outlook.com,Oasis Network,free,1770464331,5,8,6,342,145,1,2,14,8,basic
USR-200098,hannah.lewis@protonmail.com,CloudScale,free,1763379531,0,0,3,3,193,1,1,165,5,basic
USR-200099,sofia.martinez@fastmail.com,Apex Analytics,free,1748691531,5,24,6,359,21,1,1,10,,basic
USR-200100,aiden_moore@fastmail.com,DataStream,free,1774957131,2,3,1,139,6,1,1,1,,basic
USR-200101,benjaminrobinson@fastmail.com,Quantum Labs,starter,1737977931,0,2,2,45,93,1,0,108,2,basic
USR-200102,benjamin.gonzalez54@aol.com,BrightPath,free,1775129931,10,9,2,137,34,1,1,3,,basic
USR-200103,layla_martin@aol.com,Harbor Tech,starter,1752147531,0,1,2,25,29,1,0,31,1,basic
USR-200104,benjamin.brown67@protonmail.com,Quantum Labs,starter,1762947531,0,1,1,50,44,1,1,43,4,basic
USR-200105,elizabeth_davis@protonmail.com,Acme Corp,pro,1739533131,22,179,13,4770,3115,40,8,3,10,dedicated
USR-200106,noahmoore@outlook.com,Summit Solutions,pro,1764243531,23,120,6,3636,277,17,6,6,7,basic
USR-200107,amelialopez@outlook.com,Beacon Health,starter,1755257931,6,24,2,152,253,1,1,7,8,basic
USR-200108,lucaswilliams@fastmail.com,Oasis Network,enterprise,1747049931,39,164,16,5484,1313,35,8,1,8,dedicated
USR-200109,liam_thompson6@hotmail.com,SkyNet Solutions,free,1749123531,0,0,2,35,8,1,0,100,,basic
USR-200110,avery_young30@aol.com,Cobalt Industries,starter,1764589131,0,3,1,0,97,1,0,70,1,basic
USR-200111,jack.rodriguez@icloud.com,NexGen,free,1775648331,9,15,5,3,39,1,1,0,,basic
USR-200112,christian.rodriguez@outlook.com,Cobalt Industries,enterprise,1757245131,49,164,16,6773,3395,21,5,0,8,priority
USR-200113,matthew.taylor2@gmail.com,Beacon Health,starter,1756467531,8,38,2,370,128,1,2,6,6,basic
USR-200114,elizabeth.garcia@hotmail.com,Starlight,pro,1767526731,10,80,12,1734,353,4,3,3,9,basic
USR-200115,isabella_wright17@outlook.com,Orbit Media,starter,1725017931,0,1,4,19,56,1,1,49,4,basic
USR-200116,ava.rodriguez@fastmail.com,PulsePoint,free,1775648331,1,6,2,13,6,1,0,2,,basic
USR-200117,elijah_johnson@icloud.com,Starlight,free,1775821131,7,5,3,105,27,1,1,0,,basic
USR-200118,nathan.robinson@yahoo.com,Falcon Systems,starter,1725536331,0,2,2,7,113,1,1,137,,basic
USR-200119,lucasmartinez@protonmail.com,Cascade Digital,pro,1772019531,11,76,7,3762,1872,16,6,3,8,priority
USR-200120,caleb.wright@fastmail.com,Pine Valley,starter,1728387531,0,1,3,27,32,1,1,179,3,basic
USR-200121,ryan_wright2@protonmail.com,CloudScale,starter,1755171531,0,1,3,15,34,1,0,171,2,basic
USR-200122,benjamin.johnson@fastmail.com,Falcon Systems,starter,1762342731,6,15,4,445,254,1,2,4,8,basic
USR-200123,owen.lee@aol.com,NexGen,starter,1763725131,21,113,10,3822,1266,18,3,2,8,basic
USR-200124,amelia.moore@fastmail.com,Forge Systems,free,1745494731,3,25,6,182,76,1,2,14,6,basic
USR-200125,ethan_brown7@yahoo.com,Zenith Digital,starter,1754566731,0,2,1,31,73,1,0,177,4,basic
USR-200126,scarlettwalker88@gmail.com,Redwood Systems,free,1760096331,4,11,4,155,174,1,0,6,7,basic
USR-200127,charlotte_flores@icloud.com,Starlight,enterprise,1737632331,23,69,19,4695,3704,39,5,1,9,priority
USR-200128,williamflores@outlook.com,Summit Solutions,free,1774957131,1,1,1,105,16,1,1,1,,basic
USR-200129,caleb.king@yahoo.com,Relay Networks,starter,1773056331,6,29,7,297,205,1,2,10,5,basic
USR-200130,isabella_young78@protonmail.com,Cascade Digital,free,1759405131,2,12,3,24,53,1,0,12,,basic
USR-200131,williamhernandez@protonmail.com,Redwood Systems,free,1740397131,0,3,1,43,148,1,1,100,1,basic
USR-200132,mia_walker26@protonmail.com,Beacon Health,starter,1757331531,0,0,1,37,43,1,0,167,4,basic
USR-200133,leoscott@icloud.com,Zenith Digital,enterprise,1750937931,45,161,19,7471,4202,33,7,3,7,priority
USR-200134,matthew_lee@icloud.com,Atlas Group,free,1776166731,1,8,1,144,43,1,1,3,,basic
USR-200135,calebthompson20@icloud.com,Cobalt Industries,pro,1763725131,12,69,10,2634,775,18,3,5,6,basic
USR-200136,chloe.moore@gmail.com,Forge Systems,free,1772451531,3,37,6,392,26,1,1,9,5,basic
USR-200137,jackson.clark67@fastmail.com,PulsePoint,free,1775389131,12,8,4,57,41,1,1,4,,basic
USR-200138,scarlett_hill13@outlook.com,Apex Analytics,free,1775648331,11,11,6,100,2,1,1,3,,basic
USR-200139,abigail_ramirez@protonmail.com,VertexAI,pro,1708515531,50,181,16,4255,3018,32,4,2,9,priority
USR-200140,harper_thompson@yahoo.com,Beacon Health,enterprise,1752320331,20,64,14,9297,4217,45,5,2,7,priority
USR-200141,samuel_ramirez6@hotmail.com,SkyNet Solutions,free,1775216331,9,30,3,63,83,1,0,10,7,basic
USR-200142,williamlopez@icloud.com,PulsePoint,enterprise,1749037131,40,122,14,6118,4461,28,10,3,8,dedicated
USR-200143,emmanguyen37@yahoo.com,Relay Networks,enterprise,1731584331,26,164,15,3823,4205,18,8,0,8,dedicated
USR-200144,aria.torres87@fastmail.com,BrightPath,free,1775993931,15,15,3,11,33,1,1,0,,basic
USR-200145,ariamartin96@gmail.com,Keystone,free,1775648331,2,12,2,0,42,1,0,3,,basic
USR-200146,leobrown52@icloud.com,Harbor Tech,starter,1772105931,2,35,7,351,199,1,1,6,6,basic
USR-200147,isaaclee35@aol.com,IronBridge,enterprise,1738237131,16,72,16,5938,1540,8,6,2,9,priority
USR-200148,matthew.miller42@hotmail.com,Keystone,free,1775129931,11,10,2,47,19,1,1,4,,basic
USR-200149,owen_thompson60@icloud.com,VertexAI,free,1775043531,7,1,5,63,40,1,1,3,,basic
USR-200150,evelyn.rodriguez@icloud.com,Zenith Digital,free,1775129931,11,7,1,32,45,1,1,3,,basic
USR-200151,aiden.wilson51@gmail.com,BrightPath,starter,1764157131,8,17,7,140,158,1,1,7,5,basic
USR-200152,grace_martin@aol.com,Relay Networks,free,1757331531,0,0,2,20,92,1,0,89,2,basic
USR-200153,liam_taylor@icloud.com,Orbit Media,pro,1771933131,16,31,10,3408,308,5,3,1,8,basic
USR-200154,miascott31@yahoo.com,SilverLine,starter,1755085131,7,24,5,259,219,1,2,0,8,basic
USR-200155,aiden.miller26@protonmail.com,Emerald Tech,starter,1773229131,30,83,6,2273,1699,9,6,0,6,priority
USR-200156,elijahthompson@aol.com,SkyNet Solutions,starter,1767267531,16,52,14,2333,1589,18,6,0,7,basic
USR-200157,elizabethanderson@yahoo.com,Emerald Tech,free,1775734731,4,3,1,126,10,1,0,1,,basic
USR-200158,victorialee@aol.com,VertexAI,free,1771069131,5,29,8,37,36,1,1,14,,basic
USR-200159,jackson_moore@icloud.com,ClearView,enterprise,1728041931,48,152,14,6544,1889,27,9,1,8,dedicated
USR-200160,daniel_lewis49@fastmail.com,Apex Analytics,starter,1766921931,14,85,13,818,573,19,5,0,8,basic
USR-200161,ariahernandez93@yahoo.com,Forge Systems,free,1751197131,5,30,7,298,182,1,0,4,6,basic
USR-200162,isaac.jackson74@icloud.com,Forge Systems,free,1747395531,0,3,4,26,40,1,0,37,1,basic
USR-200163,james.williams81@icloud.com,Orbit Media,starter,1747654731,3,28,2,429,263,1,1,3,7,basic
USR-200164,aria.davis@fastmail.com,Apex Analytics,free,1762169931,4,15,6,122,290,1,0,12,8,basic
USR-200165,mia_jones99@aol.com,TrueNorth,free,1727782731,0,1,3,47,195,1,1,74,1,basic
USR-200166,owen_clark45@protonmail.com,Beacon Health,free,1752061131,0,2,1,44,14,1,0,145,5,basic
USR-200167,james.brown@fastmail.com,PulsePoint,free,1775043531,2,9,3,38,6,1,0,5,,basic
USR-200168,daniel.jones@hotmail.com,Falcon Systems,pro,1762774731,10,46,11,2659,1533,7,6,1,6,priority
USR-200169,ameliawilliams49@gmail.com,Oasis Network,free,1746272331,3,22,6,200,196,1,2,1,8,basic
USR-200170,ryanramirez@fastmail.com,SilverLine,starter,1739014731,0,2,3,43,126,1,1,57,2,basic
USR-200171,grace_robinson@protonmail.com,Orbit Media,pro,1761392331,25,80,6,1519,1171,19,4,3,8,basic
USR-200172,samuel_perez46@hotmail.com,Apex Analytics,enterprise,1746013131,32,179,18,8479,2322,49,5,3,7,priority
USR-200173,danielhernandez@hotmail.com,ClearView,pro,1763725131,16,81,10,2557,1235,8,4,5,7,priority
USR-200174,emilymartin@icloud.com,Summit Solutions,starter,1762947531,6,37,2,117,150,1,2,14,8,basic
USR-200175,alexanderflores@gmail.com,Harbor Tech,starter,1771933131,7,37,2,222,104,1,0,14,5,basic
USR-200176,elizabeth_moore75@hotmail.com,VertexAI,free,1724585931,0,2,2,27,39,1,1,61,3,basic
USR-200177,scarlett.rodriguez@protonmail.com,Orbit Media,starter,1753443531,0,0,1,17,60,1,1,94,,basic
USR-200178,leoking@protonmail.com,TechVision,free,1758195531,9,22,2,314,191,1,1,7,5,basic
USR-200179,elijah.thompson61@outlook.com,ClearView,pro,1745321931,33,189,18,8210,2143,45,4,2,9,dedicated
USR-200180,emilyanderson75@fastmail.com,Forge Systems,free,1746617931,7,25,3,193,75,1,1,13,5,basic
USR-200181,riley.williams@icloud.com,Falcon Systems,pro,1761046731,10,37,9,760,575,6,6,7,8,priority
USR-200182,ameliagarcia@hotmail.com,BrightPath,starter,1766749131,15,68,12,3136,1735,13,5,6,9,basic
USR-200183,aidenmartin1@aol.com,SilverLine,free,1775129931,10,9,4,100,9,1,1,2,,basic
USR-200184,henrytaylor@outlook.com,Prism Data,pro,1731757131,38,92,18,9480,1551,14,9,3,7,dedicated
USR-200185,lucas.jackson@fastmail.com,ClearView,starter,1727437131,0,2,4,10,126,1,1,68,4,basic
USR-200186,noah.hill@aol.com,VertexAI,starter,1738841931,0,2,4,6,25,1,1,101,2,basic
USR-200187,mia.walker19@yahoo.com,Forge Systems,free,1757417931,0,2,3,7,12,1,1,80,4,basic
USR-200188,ryan_allen@protonmail.com,Oasis Network,free,1757590731,4,26,2,296,128,1,0,10,,basic
USR-200189,lily.thomas74@icloud.com,Horizon Labs,pro,1723117131,47,67,18,3836,2783,42,7,2,10,priority
USR-200190,emma.white@aol.com,SkyNet Solutions,starter,1770896331,8,40,6,3145,418,15,6,7,8,basic
USR-200191,jackperez@protonmail.com,Falcon Systems,free,1775216331,8,11,3,177,21,1,0,1,,basic
USR-200192,lilygarcia1@outlook.com,Oasis Network,pro,1769513931,8,36,13,1707,310,9,4,3,9,basic
USR-200193,laylaclark@gmail.com,VertexAI,free,1746358731,10,21,7,396,97,1,0,6,6,basic
USR-200194,christianclark68@yahoo.com,Oasis Network,starter,1745840331,4,32,6,440,219,1,1,9,5,basic
USR-200195,jackson.taylor@gmail.com,Prism Data,free,1775389131,14,5,5,103,38,1,1,0,,basic
USR-200196,noahlewis@aol.com,NexGen,enterprise,1734176331,40,163,13,3940,1220,48,10,3,8,dedicated
USR-200197,riley.smith91@icloud.com,Harbor Tech,free,1727091531,0,2,3,4,43,1,0,106,5,basic
USR-200198,aidenrobinson51@outlook.com,Beacon Health,free,1751888331,0,3,2,0,169,1,1,130,4,basic
USR-200199,nathan_johnson@hotmail.com,Oasis Network,free,1776080331,8,12,3,194,13,1,0,0,,basic
USR-200200,elijahdavis50@protonmail.com,Zenith Digital,starter,1769773131,4,31,2,250,272,1,0,8,7,basic
USR-200201,abigailharris15@icloud.com,Summit Solutions,free,1770291531,5,10,8,331,202,1,2,12,,basic
USR-200202,sofia_smith@yahoo.com,Falcon Systems,pro,1766230731,22,83,13,2916,1832,6,4,4,7,priority
USR-200203,lucas.anderson32@fastmail.com,CloudScale,free,1728819531,0,0,4,16,37,1,0,146,3,basic
USR-200204,liam.sanchez31@yahoo.com,Atlas Group,starter,1764416331,18,116,6,1002,833,15,4,5,6,basic
USR-200205,sofia_martin48@yahoo.com,NexGen,pro,1737805131,24,93,14,8000,1331,39,10,1,10,priority
USR-200206,jackson_gonzalez83@gmail.com,Summit Solutions,pro,1747741131,28,101,20,5991,2964,32,9,2,9,priority
USR-200207,elizabeth.taylor29@yahoo.com,Redwood Systems,free,1775043531,11,9,4,171,7,1,1,2,,basic
USR-200208,ella_wright@aol.com,Acme Corp,starter,1768822731,9,26,6,374,27,1,0,11,7,basic
USR-200209,victoriajackson83@outlook.com,BrightPath,starter,1766230731,26,80,10,500,1374,4,4,1,9,priority
USR-200210,ellamartin31@gmail.com,Horizon Labs,starter,1769427531,20,35,8,3801,555,16,4,0,6,basic
USR-200211,hannah_torres@fastmail.com,CloudScale,free,1725709131,0,3,1,3,108,1,1,139,2,basic
USR-200212,henry.moore95@hotmail.com,Atlas Group,starter,1751024331,0,0,1,17,185,1,0,133,5,basic
USR-200213,william_martin@protonmail.com,VertexAI,starter,1728387531,0,3,3,46,87,1,0,63,5,basic
USR-200214,lucasanderson@aol.com,Prism Data,free,1740051531,0,0,2,39,21,1,0,76,4,basic
USR-200215,sofia_robinson@icloud.com,VertexAI,starter,1765539531,28,105,8,1207,540,15,2,7,9,basic
USR-200216,owen.torres48@icloud.com,Summit Solutions,free,1775043531,14,6,6,143,48,1,0,4,,basic
USR-200217,dylanclark94@icloud.com,Emerald Tech,free,1733139531,0,0,4,32,134,1,0,73,4,basic
USR-200218,elijah.sanchez66@gmail.com,CloudScale,pro,1763897931,13,58,13,2079,553,17,2,4,7,basic
USR-200219,layla_garcia87@outlook.com,Starlight,starter,1767440331,21,40,7,1632,209,20,6,0,9,priority
USR-200220,chloelopez52@gmail.com,Harbor Tech,enterprise,1726486731,49,173,19,3236,2841,35,4,0,7,priority
USR-200221,mia.williams@outlook.com,Harbor Tech,free,1746445131,6,32,3,198,153,1,2,8,8,basic
USR-200222,ethan_garcia30@icloud.com,Cascade Digital,starter,1772105931,10,42,13,3487,1463,14,6,2,6,priority
USR-200223,ryan.jones@protonmail.com,Harbor Tech,free,1767613131,9,26,3,362,135,1,0,5,5,basic
USR-200224,henry.miller@icloud.com,Zenith Digital,pro,1745321931,32,143,20,4782,4147,31,6,2,10,dedicated
USR-200225,rileysanchez34@outlook.com,Beacon Health,free,1775216331,13,13,2,55,47,1,0,2,,basic
USR-200226,liam_lee86@protonmail.com,ClearView,starter,1764329931,14,51,9,3085,450,3,4,1,6,priority
USR-200227,leogarcia81@yahoo.com,DataStream,free,1732880331,0,0,3,11,195,1,0,168,5,basic
USR-200228,oliviamoore@fastmail.com,DataStream,free,1756899531,2,14,6,115,177,1,0,0,7,basic
USR-200229,noah_sanchez52@fastmail.com,Zenith Digital,starter,1767267531,0,2,3,45,68,1,0,137,4,basic
USR-200230,ameliaperez@icloud.com,Relay Networks,pro,1721561931,29,102,12,3953,2353,6,6,1,10,dedicated
USR-200231,james_allen@outlook.com,TrueNorth,starter,1745667531,9,38,6,68,205,1,2,2,5,basic
USR-200232,sebastian_williams@aol.com,Starlight,pro,1762861131,29,83,6,3621,937,20,3,5,7,basic
USR-200233,abigail_miller@fastmail.com,Falcon Systems,pro,1769686731,27,118,13,3359,941,16,2,3,7,basic
USR-200234,emma_wilson@hotmail.com,Quantum Labs,free,1756985931,6,17,7,338,80,1,2,7,5,basic
USR-200235,calebdavis@gmail.com,Cascade Digital,starter,1759405131,0,0,1,2,197,1,0,45,5,basic
USR-200236,elizabeth_wright@aol.com,BrightPath,pro,1742470731,50,82,18,5809,1366,23,8,3,8,dedicated
USR-200237,victoriarobinson@outlook.com,NexGen,enterprise,1734521931,17,91,20,9226,4337,26,7,0,8,priority
USR-200238,ella.garcia@icloud.com,Acme Corp,free,1746185931,4,24,3,281,22,1,0,13,,basic
USR-200239,aiden.walker@gmail.com,VertexAI,pro,1720870731,47,178,16,5122,1832,32,8,3,7,priority
USR-200240,noah_ramirez13@hotmail.com,Summit Solutions,free,1775043531,9,3,5,166,20,1,1,0,,basic
USR-200241,ryan.walker22@aol.com,NexGen,starter,1739878731,0,0,4,43,103,1,0,51,3,basic
USR-200242,mia.williams24@hotmail.com,Beacon Health,enterprise,1752147531,25,175,12,8193,2123,23,7,2,8,dedicated
USR-200243,hannah_nguyen@icloud.com,Starlight,free,1774957131,7,12,4,321,258,1,0,10,7,basic
USR-200244,isaac_king@fastmail.com,Orbit Media,free,1733485131,0,3,2,4,77,1,1,76,4,basic
USR-200245,chloemartinez82@outlook.com,Momentum Inc,starter,1771933131,16,42,9,732,1189,13,4,2,9,basic
USR-200246,lucas_lewis@yahoo.com,Starlight,free,1758454731,8,29,7,425,206,1,1,1,8,basic
USR-200247,daniel_allen79@protonmail.com,TrueNorth,free,1764416331,10,14,5,172,110,1,2,10,7,basic
USR-200248,gracewilliams@yahoo.com,Keystone,enterprise,1726659531,42,176,17,3333,4398,30,6,3,9,dedicated
USR-200249,chloe.smith@fastmail.com,Starlight,starter,1774525131,10,23,5,187,162,1,0,7,8,basic
USR-200250,elizabethlewis@gmail.com,CloudScale,pro,1760873931,18,63,10,1152,265,4,3,3,8,priority
USR-200251,charlotte_walker@aol.com,Harbor Tech,pro,1768649931,9,74,6,3300,1901,7,5,4,8,basic
USR-200252,laylaallen76@gmail.com,Emerald Tech,free,1762947531,0,2,4,7,173,1,0,109,,basic
USR-200253,isaac.white@outlook.com,SilverLine,enterprise,1747136331,19,96,19,4450,1743,24,9,2,7,priority
USR-200254,hannah.johnson@hotmail.com,Summit Solutions,pro,1715600331,50,172,14,4906,3827,14,6,3,8,dedicated
USR-200255,lucas_gonzalez@gmail.com,Relay Networks,enterprise,1726313931,40,93,12,3960,3694,29,7,3,8,dedicated
USR-200256,oliviasanchez@outlook.com,BrightPath,free,1761910731,0,2,4,27,107,1,1,121,3,basic
USR-200257,abigail_williams42@icloud.com,Oasis Network,pro,1715254731,44,160,16,8490,1043,17,6,1,10,dedicated
USR-200258,olivia.brown@gmail.com,Pine Valley,free,1748086731,9,29,5,210,241,1,1,9,,basic
USR-200259,riley_lewis@outlook.com,Oasis Network,free,1774697931,2,33,4,250,31,1,0,0,6,basic
USR-200260,henrymiller@hotmail.com,Quantum Labs,enterprise,1719142731,48,156,19,8998,3804,37,5,3,8,dedicated
USR-200261,sophialopez2@icloud.com,Cobalt Industries,starter,1756381131,4,27,8,316,130,1,1,14,7,basic
USR-200262,jackson.brown@aol.com,Acme Corp,pro,1765366731,28,46,9,544,313,11,2,2,9,basic
USR-200263,dylan_harris8@aol.com,SkyNet Solutions,free,1775302731,3,5,2,54,15,1,0,5,,basic
USR-200264,alexander_jackson19@protonmail.com,ClearView,pro,1731325131,43,175,13,7826,1896,32,8,0,8,dedicated
USR-200265,evelyn_allen92@icloud.com,Cascade Digital,free,1776080331,11,9,4,23,0,1,1,3,,basic
USR-200266,alexanderperez87@fastmail.com,Keystone,pro,1758368331,35,65,14,5708,4642,31,10,2,7,priority
USR-200267,amelia_williams16@icloud.com,SilverLine,starter,1754566731,0,1,1,12,6,1,0,96,,basic
USR-200268,averyyoung@fastmail.com,BrightPath,starter,1754912331,4,36,7,432,176,1,0,0,6,basic
USR-200269,aidenhill@outlook.com,Relay Networks,enterprise,1751283531,36,183,13,4830,1437,8,8,1,10,priority
USR-200270,leo_anderson@protonmail.com,Starlight,free,1742211531,0,0,2,18,16,1,1,122,4,basic
USR-200271,chloehill18@protonmail.com,Emerald Tech,pro,1730288331,29,93,19,8953,2396,43,10,3,7,priority
USR-200272,mia_jackson@yahoo.com,PulsePoint,pro,1770550731,25,89,12,632,695,4,3,4,7,priority
USR-200273,leohernandez@icloud.com,Starlight,pro,1712835531,24,176,18,3905,4993,42,7,0,7,dedicated
USR-200274,aria_davis@outlook.com,PulsePoint,starter,1765453131,14,53,6,796,1308,7,5,4,8,priority
USR-200275,jacksonbrown@gmail.com,Apex Analytics,starter,1752493131,3,24,4,100,165,1,1,10,7,basic
USR-200276,ava_rodriguez@yahoo.com,Beacon Health,free,1764329931,0,3,2,44,2,1,1,103,5,basic
USR-200277,laylahernandez@outlook.com,SilverLine,pro,1763984331,20,56,7,2682,1361,19,6,3,6,basic
USR-200278,grace_anderson46@outlook.com,SilverLine,free,1757936331,8,35,2,332,102,1,1,11,,basic
USR-200279,olivia_hill@fastmail.com,Prism Data,free,1775561931,15,10,1,122,23,1,0,4,,basic
USR-200280,lily_lee@outlook.com,Apex Analytics,starter,1773833931,4,18,3,75,172,1,0,0,6,basic
USR-200281,christian_lee@yahoo.com,SilverLine,starter,1775216331,4,32,6,469,46,1,1,3,6,basic
USR-200282,christian_harris@protonmail.com,Redwood Systems,starter,1766230731,0,1,4,35,157,1,1,53,1,basic
USR-200283,avawhite97@hotmail.com,NexGen,free,1775907531,7,14,3,170,41,1,0,0,,basic
USR-200284,scarlettclark14@protonmail.com,PulsePoint,starter,1770032331,7,39,3,106,78,1,2,13,,basic
USR-200285,amelia.lee@icloud.com,Oasis Network,enterprise,1718365131,17,181,20,5401,3360,37,10,2,7,priority
USR-200286,daniel_sanchez@hotmail.com,Summit Solutions,enterprise,1738755531,40,113,19,5669,3572,48,8,3,9,priority
USR-200287,victoria.ramirez@icloud.com,Beacon Health,starter,1766576331,28,112,10,1452,908,9,4,1,9,priority
USR-200288,jackflores@outlook.com,Cascade Digital,free,1758368331,8,9,5,26,192,1,2,5,8,basic
USR-200289,samuel_moore@protonmail.com,ClearView,pro,1766317131,16,31,9,2567,797,12,3,6,8,priority
USR-200290,aria.hill@protonmail.com,Cascade Digital,free,1745494731,5,13,2,89,218,1,0,9,8,basic
USR-200291,noah_flores5@protonmail.com,Keystone,pro,1745408331,37,111,15,8552,2375,15,9,3,10,dedicated
USR-200292,isaachill40@fastmail.com,Forge Systems,free,1730806731,0,2,1,34,53,1,1,127,3,basic
USR-200293,jackson.martinez@icloud.com,Keystone,pro,1758886731,49,130,20,4792,1404,38,8,3,7,dedicated
USR-200294,alexander_lewis@outlook.com,ClearView,pro,1765971531,27,89,10,2490,1258,17,6,1,8,basic
USR-200295,henryking77@fastmail.com,Starlight,free,1775216331,9,14,6,171,27,1,0,2,,basic
USR-200296,ryan.moore@gmail.com,Prism Data,starter,1765021131,5,33,7,457,275,1,1,3,6,basic
USR-200297,daniel_gonzalez@yahoo.com,Cascade Digital,starter,1760614731,14,89,8,2455,1082,16,5,1,6,basic
USR-200298,james_clark37@aol.com,Pine Valley,starter,1763811531,0,1,1,49,151,1,1,85,1,basic
USR-200299,jamesflores@aol.com,Starlight,enterprise,1751715531,21,128,13,3471,1999,29,7,3,10,priority
USR-200300,layla.jackson@yahoo.com,Emerald Tech,free,1775561931,5,15,3,97,4,1,1,4,,basic
USR-200301,alexanderjackson4@gmail.com,Summit Solutions,enterprise,1749728331,49,171,14,9094,4584,47,5,3,9,dedicated
USR-200302,james.johnson@protonmail.com,Summit Solutions,starter,1772537931,24,57,9,3741,1154,14,6,7,6,basic
USR-200303,liam_sanchez@icloud.com,Orbit Media,free,1776166731,12,10,5,196,24,1,0,4,,basic
USR-200304,jack_harris10@icloud.com,BrightPath,free,1741347531,0,2,2,18,148,1,0,122,3,basic
USR-200305,owen.harris39@icloud.com,Cobalt Industries,pro,1732361931,46,99,17,3727,3732,19,6,0,8,dedicated
USR-200306,emma_martin@gmail.com,PulsePoint,starter,1771673931,19,80,10,3388,217,7,3,6,6,basic
USR-200307,lucaslewis@outlook.com,Falcon Systems,starter,1746790731,3,25,5,453,79,1,1,12,7,basic
USR-200308,calebmoore@aol.com,Prism Data,free,1775129931,6,10,4,186,9,1,1,4,,basic
USR-200309,jackjohnson28@hotmail.com,Emerald Tech,starter,1760873931,14,54,7,2177,1347,6,4,1,9,priority
USR-200310,leothompson@hotmail.com,Starlight,starter,1755085131,9,18,2,210,120,1,1,10,6,basic
USR-200311,lucaslewis96@hotmail.com,Falcon Systems,starter,1765193931,23,95,13,3521,1691,12,4,4,6,priority
USR-200312,jack.sanchez@fastmail.com,Momentum Inc,starter,1748259531,0,0,1,18,96,1,1,88,,basic
USR-200313,ava_lewis52@protonmail.com,Acme Corp,enterprise,1725449931,46,142,20,7938,4956,18,8,3,10,priority
USR-200314,ava_gonzalez@fastmail.com,Falcon Systems,pro,1764070731,29,108,10,3752,1123,4,2,7,7,basic
USR-200315,benjamin_white30@icloud.com,Cobalt Industries,pro,1772710731,8,108,8,981,1198,17,5,3,9,basic
USR-200316,william.sanchez72@yahoo.com,CloudScale,free,1752493131,5,34,8,328,247,1,1,1,7,basic
USR-200317,samuel.johnson@hotmail.com,Summit Solutions,enterprise,1736163531,15,115,20,3006,1380,12,9,2,8,priority
USR-200318,layla_johnson64@fastmail.com,TrueNorth,pro,1770637131,25,32,8,1911,1454,11,6,6,7,basic
USR-200319,aiden.thompson@gmail.com,DataStream,free,1740310731,0,2,2,15,60,1,0,139,5,basic
USR-200320,emma_anderson@aol.com,Zenith Digital,enterprise,1751197131,34,63,16,3655,3618,39,6,0,7,dedicated
USR-200321,aiden.allen@aol.com,Redwood Systems,starter,1750765131,10,21,5,320,153,1,2,9,7,basic
USR-200322,jack.davis@icloud.com,Momentum Inc,pro,1760701131,17,107,9,1312,1532,18,5,7,7,basic
USR-200323,layla.martinez@gmail.com,PulsePoint,starter,1765021131,25,44,13,2249,488,7,5,4,6,priority
USR-200324,mia.anderson@fastmail.com,Cobalt Industries,pro,1772105931,15,112,9,2004,1050,19,3,4,7,basic
USR-200325,harperlewis@hotmail.com,Cobalt Industries,starter,1766230731,9,21,8,457,250,1,1,6,7,basic
USR-200326,william_jackson1@hotmail.com,Keystone,starter,1724931531,0,2,2,16,163,1,1,145,2,basic
USR-200327,isaacwilliams@yahoo.com,Atlas Group,starter,1761565131,0,0,1,15,45,1,0,101,3,basic
USR-200328,aria.moore@gmail.com,Redwood Systems,starter,1772537931,10,26,3,141,23,1,0,9,,basic
USR-200329,averysmith6@hotmail.com,DataStream,free,1757072331,3,38,7,23,78,1,2,14,5,basic
USR-200330,chloe_lewis@gmail.com,Relay Networks,enterprise,1720438731,17,64,15,8762,1996,49,4,1,10,priority
USR-200331,elijahwhite65@icloud.com,Harbor Tech,free,1765107531,3,19,7,166,267,1,2,8,5,basic
USR-200332,miathomas40@hotmail.com,Relay Networks,starter,1732016331,0,2,3,37,37,1,1,145,4,basic
USR-200333,ryan.gonzalez@hotmail.com,Orbit Media,free,1775561931,4,15,3,173,45,1,1,5,,basic
USR-200334,aiden.robinson33@outlook.com,Quantum Labs,free,1775734731,9,9,4,194,48,1,1,4,,basic
USR-200335,ryan_ramirez38@icloud.com,Redwood Systems,starter,1764243531,19,99,6,1675,1315,18,4,1,8,basic
USR-200336,christian_garcia@fastmail.com,Cobalt Industries,pro,1748950731,20,96,19,7231,1133,32,7,1,8,priority
USR-200337,chloe.wright4@hotmail.com,Acme Corp,free,1755430731,6,35,5,195,134,1,0,10,6,basic
USR-200338,calebtaylor@outlook.com,Orbit Media,free,1738323531,0,3,2,44,192,1,1,126,2,basic
USR-200339,charlotte_white27@yahoo.com,ClearView,enterprise,1730720331,31,130,13,4936,4362,17,6,2,9,priority
USR-200340,rileysanchez67@fastmail.com,Quantum Labs,starter,1748518731,3,12,4,193,118,1,2,0,7,basic
USR-200341,olivia.harris@yahoo.com,Cobalt Industries,free,1758195531,0,2,1,29,96,1,1,70,2,basic
USR-200342,sophia.anderson@gmail.com,Forge Systems,free,1776080331,14,3,5,69,13,1,0,5,,basic
USR-200343,dylangonzalez@gmail.com,SkyNet Solutions,starter,1726486731,0,0,4,31,188,1,1,45,5,basic
USR-200344,williamlopez@fastmail.com,Emerald Tech,free,1767267531,2,26,6,298,224,1,1,9,6,basic
USR-200345,samuel.young49@outlook.com,Emerald Tech,starter,1768131531,7,12,6,482,65,1,0,0,,basic
USR-200346,caleb.scott@yahoo.com,CloudScale,starter,1775129931,5,26,2,384,152,1,0,1,5,basic
USR-200347,ethan.walker24@gmail.com,Cascade Digital,pro,1771846731,21,34,6,3721,720,4,4,6,7,basic
USR-200348,ava.rodriguez57@outlook.com,SkyNet Solutions,starter,1762601931,14,56,11,1984,1755,5,3,3,7,priority
USR-200349,jackson_taylor@icloud.com,DataStream,free,1776166731,8,1,2,79,14,1,1,4,,basic
USR-200350,isaactorres6@gmail.com,Falcon Systems,free,1775389131,1,2,5,38,41,1,0,4,,basic
USR-200351,noahclark@aol.com,Prism Data,free,1752061131,5,20,5,43,278,1,1,14,5,basic
USR-200352,liam_brown58@icloud.com,Quantum Labs,free,1755085131,0,2,3,32,195,1,1,132,3,basic
USR-200353,jackson.jones@icloud.com,VertexAI,free,1775648331,13,8,6,123,32,1,0,0,,basic
USR-200354,layla.lopez@icloud.com,Apex Analytics,free,1755517131,0,0,2,14,186,1,0,127,2,basic
USR-200355,nathan.flores@fastmail.com,CloudScale,starter,1750333131,0,0,3,30,125,1,0,90,5,basic
USR-200356,caleb.taylor80@protonmail.com,ClearView,free,1776080331,5,10,3,22,39,1,0,1,,basic
USR-200357,victoriarodriguez@gmail.com,CloudScale,free,1775648331,3,9,2,165,44,1,1,5,,basic
USR-200358,layla.wilson@gmail.com,BrightPath,pro,1765712331,28,59,9,2542,1707,4,3,5,8,priority
USR-200359,grace.harris13@outlook.com,ClearView,free,1775043531,2,14,2,74,2,1,0,5,,basic
USR-200360,ryanrodriguez98@aol.com,Quantum Labs,free,1762774731,7,9,7,481,39,1,2,3,5,basic
USR-200361,emmamoore@aol.com,SilverLine,starter,1756726731,4,36,8,303,182,1,2,2,5,basic
USR-200362,dylan_martinez@protonmail.com,Cobalt Industries,enterprise,1740137931,42,179,15,5298,1943,34,5,3,8,dedicated
USR-200363,victoria_nguyen@hotmail.com,Prism Data,free,1774525131,4,14,8,269,242,1,1,10,7,basic
USR-200364,daniel.martinez@hotmail.com,Oasis Network,starter,1724672331,0,0,3,25,0,1,0,169,3,basic
USR-200365,elizabeth.gonzalez76@gmail.com,DataStream,pro,1770291531,10,73,8,1557,1851,18,6,5,7,priority
USR-200366,isabella_williams@gmail.com,Orbit Media,pro,1709120331,26,164,15,6368,2586,8,5,3,7,dedicated
USR-200367,williamperez@fastmail.com,PulsePoint,free,1766835531,0,2,3,38,85,1,1,176,4,basic
USR-200368,christian.wright@icloud.com,IronBridge,enterprise,1721561931,40,90,15,4016,1618,22,10,1,9,priority
USR-200369,christiananderson@aol.com,Zenith Digital,pro,1707219531,43,146,14,9581,1425,49,8,1,10,priority
USR-200370,ellaclark@protonmail.com,Keystone,starter,1728560331,0,0,3,38,198,1,1,128,3,basic
USR-200371,evelyn_hill18@yahoo.com,Oasis Network,starter,1728301131,0,1,4,9,167,1,0,136,5,basic
USR-200372,daniel_young@yahoo.com,Acme Corp,free,1775129931,12,12,2,99,31,1,1,5,,basic
USR-200373,charlotte.moore@aol.com,Summit Solutions,starter,1763120331,0,0,1,37,143,1,0,99,4,basic
USR-200374,gracethompson@gmail.com,Summit Solutions,starter,1763984331,16,99,14,1767,424,8,6,2,7,priority
USR-200375,hannah.walker@hotmail.com,Oasis Network,starter,1760009931,7,18,2,407,9,1,2,6,5,basic
USR-200376,emily_jones@yahoo.com,DataStream,free,1776166731,5,7,1,146,20,1,0,0,,basic
USR-200377,emma.white75@aol.com,Orbit Media,free,1775734731,1,15,2,40,3,1,1,3,,basic
USR-200378,samuelmoore@gmail.com,Atlas Group,free,1758195531,0,2,4,38,106,1,0,149,2,basic
USR-200379,alexander_davis5@hotmail.com,Cascade Digital,pro,1733485131,23,83,16,6700,4975,45,4,1,10,dedicated
USR-200380,alexander_wright56@gmail.com,Beacon Health,free,1762601931,0,2,1,33,36,1,0,88,3,basic
USR-200381,evelyntaylor@hotmail.com,Orbit Media,free,1775907531,5,1,3,127,25,1,0,5,,basic
USR-200382,ryanjackson75@outlook.com,Momentum Inc,starter,1745494731,9,29,5,494,92,1,1,13,5,basic
USR-200383,henryscott52@protonmail.com,CloudScale,pro,1758022731,21,70,13,3531,1335,29,9,0,7,dedicated
USR-200384,amelia_lee@icloud.com,PulsePoint,free,1775648331,4,10,2,2,50,1,0,4,,basic
USR-200385,aria_brown@yahoo.com,Harbor Tech,free,1751542731,9,33,4,90,144,1,0,9,8,basic
USR-200386,sophia_smith27@outlook.com,Beacon Health,starter,1763897931,19,52,9,2358,1713,10,3,7,6,basic
USR-200387,owentorres@aol.com,DataStream,starter,1732966731,0,1,4,44,22,1,0,54,1,basic
USR-200388,abigail_allen@outlook.com,SkyNet Solutions,pro,1766576331,12,38,14,760,1077,12,5,6,6,priority
USR-200389,aiden_walker@icloud.com,Pine Valley,pro,1771328331,16,83,6,2810,1804,4,2,0,9,basic
USR-200390,matthewjones@aol.com,Acme Corp,pro,1743161931,35,104,19,4691,3341,20,4,2,7,dedicated
USR-200391,victoria.smith@icloud.com,Cobalt Industries,starter,1752061131,7,33,3,46,115,1,0,1,7,basic
USR-200392,dylan.clark37@outlook.com,Prism Data,free,1727005131,0,3,3,20,69,1,0,175,4,basic
USR-200393,noah_martin46@fastmail.com,IronBridge,pro,1764329931,18,110,11,1517,310,7,3,2,6,basic
USR-200394,abigail_flores@hotmail.com,Cascade Digital,starter,1740742731,0,1,2,38,56,1,0,84,4,basic
USR-200395,harper_young@icloud.com,Quantum Labs,starter,1742902731,0,1,4,0,117,1,0,69,1,basic
USR-200396,jackson_robinson@aol.com,Redwood Systems,starter,1761910731,17,78,13,1826,1849,15,6,5,6,basic
USR-200397,charlottelopez@gmail.com,Beacon Health,pro,1761910731,23,120,12,641,420,13,4,4,6,priority
USR-200398,charlotte_garcia@yahoo.com,Atlas Group,free,1754307531,0,3,4,10,16,1,0,109,2,basic
USR-200399,jacksonsanchez@hotmail.com,Cobalt Industries,enterprise,1745926731,33,200,18,3728,4879,13,7,3,8,dedicated
USR-200400,christianwilliams@gmail.com,Apex Analytics,starter,1754653131,0,3,2,27,164,1,0,48,2,basic
USR-200401,evelyn_ramirez84@aol.com,DataStream,free,1743421131,0,1,4,44,150,1,1,169,3,basic
USR-200402,nathan.smith36@yahoo.com,Forge Systems,pro,1765798731,16,87,12,3602,806,12,6,1,7,basic
USR-200403,laylascott@hotmail.com,Cobalt Industries,starter,1768477131,4,18,5,103,194,1,0,6,7,basic
USR-200404,scarlett.williams21@fastmail.com,TechVision,starter,1769686731,9,57,9,2205,1933,12,2,3,7,basic
USR-200405,charlotte.wilson39@outlook.com,Atlas Group,starter,1757936331,0,2,2,37,30,1,0,124,2,basic
USR-200406,emily.johnson@fastmail.com,Prism Data,enterprise,1748691531,15,166,16,5422,3332,13,8,2,9,priority
USR-200407,sophia_young@aol.com,Oasis Network,starter,1759837131,5,37,6,309,37,1,0,3,8,basic
USR-200408,noah_king85@icloud.com,BrightPath,pro,1765971531,10,38,11,2031,545,5,2,3,9,priority
USR-200409,benjamin_lewis@aol.com,NexGen,pro,1744803531,40,144,12,8832,4410,24,9,3,9,dedicated
USR-200410,owenclark@aol.com,Prism Data,starter,1755517131,0,0,2,35,3,1,0,144,,basic
USR-200411,elijahtorres@yahoo.com,IronBridge,starter,1730288331,0,2,1,12,51,1,0,75,2,basic
USR-200412,samuel_white@gmail.com,Falcon Systems,free,1752493131,5,36,7,134,296,1,2,12,7,basic
USR-200413,victoria_martin@outlook.com,Starlight,free,1769254731,7,34,6,198,219,1,2,0,7,basic
USR-200414,isaac.anderson@aol.com,Falcon Systems,pro,1742384331,19,79,19,9447,1488,27,4,2,10,priority
USR-200415,benjaminmartin@icloud.com,Cascade Digital,starter,1771241931,8,38,8,442,65,1,0,1,8,basic
USR-200416,christian.rodriguez@protonmail.com,DataStream,free,1775821131,5,12,1,27,9,1,1,3,,basic
USR-200417,scarlettgarcia@outlook.com,Emerald Tech,pro,1745235531,18,186,17,3133,1332,16,7,3,9,priority
USR-200418,owenhernandez@icloud.com,Falcon Systems,free,1743939531,0,3,4,47,145,1,0,107,4,basic
USR-200419,evelyn.wilson@icloud.com,PulsePoint,starter,1751974731,0,3,2,46,20,1,1,162,,basic
USR-200420,owen_lee@outlook.com,ClearView,free,1775389131,14,7,6,13,20,1,1,3,,basic
USR-200421,victoria_flores96@fastmail.com,Quantum Labs,starter,1749728331,3,9,8,77,59,1,1,6,8,basic
USR-200422,liam_miller55@aol.com,Falcon Systems,free,1761997131,2,32,5,182,140,1,0,10,7,basic
USR-200423,ryan_torres82@gmail.com,Cobalt Industries,starter,1750160331,6,11,2,334,258,1,1,1,6,basic
USR-200424,benjamin_thomas@yahoo.com,Prism Data,enterprise,1745494731,31,139,19,5025,3774,26,5,2,7,dedicated
USR-200425,evelyn_martinez@yahoo.com,Harbor Tech,enterprise,1720265931,50,107,16,3387,4457,43,8,3,9,priority
USR-200426,daniel_thompson@gmail.com,IronBridge,free,1739533131,0,0,2,0,117,1,1,110,5,basic
USR-200427,charlotte.lewis@gmail.com,Emerald Tech,pro,1767440331,8,32,8,1060,1648,12,5,3,7,basic
USR-200428,sofia.perez68@protonmail.com,DataStream,starter,1743161931,0,3,3,2,36,1,1,166,4,basic
USR-200429,elijah_miller61@hotmail.com,Orbit Media,free,1776080331,12,1,1,183,17,1,0,5,,basic
USR-200430,averylewis@aol.com,BrightPath,starter,1745235531,2,9,8,211,151,1,1,2,6,basic
USR-200431,samueltaylor23@outlook.com,IronBridge,enterprise,1736077131,22,91,19,9060,4578,21,5,0,10,priority
USR-200432,leo.wright@icloud.com,Harbor Tech,free,1775734731,10,1,5,195,35,1,0,3,,basic
USR-200433,samuelmoore56@outlook.com,Cascade Digital,pro,1771155531,19,104,11,3192,870,10,6,1,9,priority
USR-200434,nathan_jackson48@gmail.com,Harbor Tech,free,1756726731,0,2,1,3,130,1,0,51,5,basic
USR-200435,leothompson@fastmail.com,Keystone,pro,1721734731,23,112,17,8899,1911,14,4,3,9,priority
USR-200436,williamhernandez53@protonmail.com,Prism Data,free,1775821131,12,13,3,113,22,1,0,4,,basic
USR-200437,owen.ramirez2@outlook.com,Falcon Systems,pro,1766835531,23,75,10,3465,665,5,6,7,8,priority
USR-200438,sebastian.ramirez@aol.com,Horizon Labs,free,1775907531,4,6,4,109,4,1,1,2,,basic
USR-200439,chloe_scott@protonmail.com,NexGen,pro,1730374731,39,147,15,8999,3967,45,9,1,9,dedicated
USR-200440,elizabeth.white17@gmail.com,Horizon Labs,starter,1762342731,29,74,8,2175,1769,8,6,4,7,priority
USR-200441,abigailallen@icloud.com,SkyNet Solutions,free,1776166731,9,7,2,84,29,1,0,3,,basic
USR-200442,isabella_nguyen63@yahoo.com,Acme Corp,free,1776166731,6,3,6,88,10,1,0,1,,basic
USR-200443,william_nguyen18@aol.com,SkyNet Solutions,free,1775907531,10,1,6,174,10,1,0,1,,basic
USR-200444,oliviaking32@outlook.com,BrightPath,free,1775907531,1,13,2,28,23,1,0,1,,basic
USR-200445,hannahallen32@icloud.com,CloudScale,free,1775389131,12,9,1,0,8,1,0,4,,basic
USR-200446,ethan_walker@icloud.com,Beacon Health,free,1775216331,6,10,5,117,38,1,0,5,,basic
USR-200447,evelynharris@outlook.com,Relay Networks,free,1775129931,12,2,5,42,16,1,0,0,,basic
USR-200448,liam.moore51@outlook.com,PulsePoint,starter,1756467531,0,0,2,19,187,1,0,72,1,basic
USR-200449,emily_sanchez@outlook.com,VertexAI,pro,1748777931,46,92,19,4894,1327,35,8,3,9,priority
USR-200450,calebhernandez75@hotmail.com,Keystone,free,1775475531,4,13,4,152,13,1,1,0,,basic
USR-200451,evelyn_anderson96@fastmail.com,Cascade Digital,free,1776080331,4,14,1,196,2,1,1,5,,basic
USR-200452,jack_martinez@outlook.com,Prism Data,pro,1734176331,40,197,13,9608,1227,42,8,0,10,dedicated
USR-200453,hannah.wilson@icloud.com,Pine Valley,starter,1768736331,4,19,6,361,29,1,2,0,7,basic
USR-200454,ameliawalker3@yahoo.com,Redwood Systems,free,1775993931,1,9,1,137,25,1,0,1,,basic
USR-200455,emilyharris97@yahoo.com,Relay Networks,free,1775734731,4,4,1,189,27,1,1,0,,basic
USR-200456,abigail.moore10@fastmail.com,CloudScale,enterprise,1730029131,21,65,12,9532,1942,43,6,2,8,dedicated
USR-200457,sofia.nguyen@aol.com,Atlas Group,free,1775561931,4,2,1,100,21,1,1,0,,basic
USR-200458,emily.brown@fastmail.com,DataStream,pro,1766749131,23,110,10,1433,892,17,6,6,8,basic
USR-200459,leo.ramirez@icloud.com,VertexAI,free,1775907531,12,12,5,125,2,1,1,2,,basic
USR-200460,liam_taylor@hotmail.com,Harbor Tech,starter,1771846731,6,16,6,309,199,1,1,0,,basic
USR-200461,charlottethompson@protonmail.com,SkyNet Solutions,free,1776080331,2,12,6,70,28,1,0,5,,basic
USR-200462,sebastian_harris41@aol.com,NexGen,pro,1761824331,30,76,8,1789,651,7,4,7,8,priority
USR-200463,christiansanchez56@icloud.com,Acme Corp,pro,1746877131,48,160,13,9947,2002,18,4,1,7,priority
USR-200464,isabella.anderson87@hotmail.com,BrightPath,free,1775302731,1,9,1,86,21,1,1,1,,basic
USR-200465,lucas_brown68@protonmail.com,Cascade Digital,free,1775302731,13,6,2,43,24,1,0,0,,basic
USR-200466,ameliasmith99@hotmail.com,BrightPath,pro,1730201931,39,115,17,4352,1821,27,9,2,7,priority
USR-200467,jackgarcia@outlook.com,Cobalt Industries,enterprise,1741520331,44,191,17,5394,4186,46,10,3,7,dedicated
USR-200468,chloewilliams36@protonmail.com,ClearView,free,1759059531,7,27,2,48,189,1,1,2,7,basic
USR-200469,harper_white@gmail.com,ClearView,free,1764243531,10,11,7,31,62,1,2,12,6,basic
USR-200470,harper.taylor@gmail.com,Emerald Tech,free,1763811531,3,39,4,120,172,1,2,1,6,basic
USR-200471,william.young@yahoo.com,Atlas Group,starter,1726832331,0,0,2,4,80,1,0,56,4,basic
USR-200472,scarletttorres@protonmail.com,Starlight,pro,1730029131,33,180,20,7639,1650,14,8,2,7,priority
USR-200473,samuel.harris52@hotmail.com,Summit Solutions,starter,1730115531,0,1,1,17,121,1,0,65,,basic
USR-200474,emilyjohnson53@yahoo.com,Forge Systems,free,1763552331,0,1,2,17,117,1,0,176,,basic
USR-200475,daniel_jones76@protonmail.com,Zenith Digital,pro,1742557131,23,70,18,3263,1351,48,7,1,9,dedicated
USR-200476,avery_smith@yahoo.com,Horizon Labs,starter,1730029131,0,0,3,22,99,1,1,135,3,basic
USR-200477,rileyrobinson17@protonmail.com,Apex Analytics,pro,1763897931,8,84,8,1254,609,19,2,0,6,priority
USR-200478,abigail_clark22@protonmail.com,Cascade Digital,enterprise,1735904331,21,65,15,9120,4541,7,7,0,8,dedicated
USR-200479,alexander_rodriguez72@outlook.com,Relay Networks,starter,1768822731,30,45,6,1283,1724,6,3,0,6,basic
USR-200480,owen_sanchez@gmail.com,CloudScale,enterprise,1729769931,32,63,14,7133,2332,45,7,0,7,dedicated
USR-200481,rileytaylor@outlook.com,Apex Analytics,free,1750333131,0,0,1,7,198,1,0,109,2,basic
USR-200482,chloedavis@icloud.com,Atlas Group,free,1769513931,2,33,8,226,151,1,0,2,5,basic
USR-200483,avery.clark21@outlook.com,Cascade Digital,starter,1763811531,0,3,4,12,35,1,0,178,5,basic
USR-200484,amelia.moore@outlook.com,Relay Networks,free,1774957131,14,9,6,171,4,1,1,1,,basic
USR-200485,henryrobinson@fastmail.com,ClearView,enterprise,1747913931,26,134,14,6718,3338,33,8,3,7,dedicated
USR-200486,isaac.miller@gmail.com,Cascade Digital,enterprise,1723549131,27,198,17,6993,3669,40,4,2,8,dedicated
USR-200487,layla_smith65@gmail.com,Harbor Tech,free,1775216331,1,14,1,29,14,1,1,1,,basic
USR-200488,noah_young@gmail.com,Zenith Digital,free,1775821131,1,13,4,51,49,1,0,3,,basic
USR-200489,william_harris@outlook.com,Starlight,pro,1716118731,37,123,17,4387,2937,7,5,2,9,dedicated
USR-200490,charlotte.sanchez@outlook.com,Redwood Systems,pro,1766317131,30,71,12,3345,588,19,2,1,7,priority
USR-200491,leo.miller61@yahoo.com,Acme Corp,free,1745840331,5,27,8,206,83,1,0,10,7,basic
USR-200492,elizabeth.allen70@fastmail.com,DataStream,starter,1765021131,3,35,6,235,137,1,1,13,7,basic
USR-200493,victoriarodriguez@icloud.com,Starlight,starter,1761046731,16,76,13,1337,1888,10,6,4,7,priority
USR-200494,alexander_allen57@yahoo.com,Oasis Network,pro,1721821131,27,98,20,6439,1319,42,10,3,10,dedicated
USR-200495,isabella.lee42@gmail.com,Pine Valley,free,1747136331,0,1,1,1,104,1,0,179,4,basic
USR-200496,jackson.scott@aol.com,TrueNorth,free,1775043531,3,5,1,107,44,1,1,0,,basic
USR-200497,lucasmoore52@icloud.com,Beacon Health,starter,1752147531,0,2,3,29,103,1,0,97,,basic
USR-200498,riley.jackson80@hotmail.com,SilverLine,starter,1767440331,16,56,8,2745,381,4,5,1,9,basic
USR-200499,dylanjohnson@fastmail.com,Emerald Tech,starter,1772019531,19,33,9,3861,1651,7,2,2,9,priority